quarter,stock,date,open,high,low,close,volume
1,AA,1/7/11,$15.82 ,$16.72 ,$15.78 ,$16.42 ,239655616
1,AA,1/14/11,$16.71 ,$16.71 ,$15.64 ,$15.97 ,242963398
1,AA,1/21/11,$16.19 ,$16.38 ,$15.60 ,$15.79 ,138428495
1,AA,1/28/11,$15.87 ,$16.63 ,$15.82 ,$16.13 ,151379173
1,AA,2/4/11,$16.18 ,$17.39 ,$16.18 ,$17.14 ,154387761
1,AA,2/11/11,$17.33 ,$17.48 ,$16.97 ,$17.37 ,114691279
1,AA,2/18/11,$17.39 ,$17.68 ,$17.28 ,$17.28 ,80023895
1,AA,2/25/11,$16.98 ,$17.15 ,$15.96 ,$16.68 ,132981863
1,AA,3/4/11,$16.81 ,$16.94 ,$16.13 ,$16.58 ,109493077
1,AA,3/11/11,$16.58 ,$16.75 ,$15.42 ,$16.03 ,114332562
1,AA,3/18/11,$15.95 ,$16.33 ,$15.43 ,$16.11 ,130374108
1,AA,3/25/11,$16.38 ,$17.24 ,$16.26 ,$17.09 ,95550392
1,AXP,1/7/11,$43.30 ,$45.60 ,$43.11 ,$44.36 ,45102042
1,AXP,1/14/11,$44.20 ,$46.25 ,$44.01 ,$46.25 ,25913713
1,AXP,1/21/11,$46.03 ,$46.71 ,$44.71 ,$46.00 ,38824728
1,AXP,1/28/11,$46.05 ,$46.27 ,$43.42 ,$43.86 ,51427274
1,AXP,2/4/11,$44.13 ,$44.23 ,$43.15 ,$43.82 ,39501680
1,AXP,2/11/11,$43.96 ,$46.79 ,$43.88 ,$46.75 ,43746998
1,AXP,2/18/11,$46.42 ,$46.93 ,$45.53 ,$45.53 ,28564910
1,AXP,2/25/11,$44.94 ,$45.12 ,$43.01 ,$43.53 ,39654146
1,AXP,3/4/11,$43.73 ,$44.68 ,$42.75 ,$43.72 ,38985037
1,AXP,3/11/11,$43.86 ,$45.54 ,$43.53 ,$44.28 ,37613429
1,AXP,3/18/11,$43.86 ,$44.47 ,$42.19 ,$44.17 ,41757526
1,AXP,3/25/11,$44.75 ,$45.61 ,$44.10 ,$45.59 ,30798332
1,BA,1/7/11,$66.15 ,$70.10 ,$66.00 ,$69.38 ,36258120
1,BA,1/14/11,$69.42 ,$70.50 ,$68.35 ,$70.07 ,18834664
1,BA,1/21/11,$70.86 ,$72.99 ,$70.23 ,$71.68 ,29594221
1,BA,1/28/11,$71.52 ,$72.82 ,$69.00 ,$69.23 ,34929673
1,BA,2/4/11,$69.26 ,$71.64 ,$69.12 ,$71.38 ,22770062
1,BA,2/11/11,$71.43 ,$72.99 ,$71.15 ,$72.14 ,21809411
1,BA,2/18/11,$72.70 ,$73.04 ,$71.09 ,$73.04 ,15989248
1,BA,2/25/11,$72.35 ,$74.29 ,$70.00 ,$72.30 ,26258425
1,BA,3/4/11,$72.47 ,$72.90 ,$68.60 ,$71.80 ,27527285
1,BA,3/11/11,$71.60 ,$72.50 ,$69.91 ,$71.64 ,25556296
1,BA,3/18/11,$71.17 ,$71.23 ,$67.34 ,$69.10 ,29746370
1,BA,3/25/11,$70.29 ,$73.50 ,$70.03 ,$73.34 ,24423545
1,BAC,1/7/11,$13.85 ,$14.69 ,$13.80 ,$14.25 ,1453438639
1,BAC,1/14/11,$14.17 ,$15.25 ,$14.09 ,$15.25 ,760935694
1,BAC,1/21/11,$15.08 ,$15.16 ,$13.94 ,$14.25 ,982445809
1,BAC,1/28/11,$14.25 ,$14.26 ,$13.40 ,$13.60 ,1054415375
1,BAC,2/4/11,$13.71 ,$14.47 ,$13.64 ,$14.29 ,757192224
1,BAC,2/11/11,$14.51 ,$14.87 ,$14.35 ,$14.77 ,746465458
1,BAC,2/18/11,$14.77 ,$14.95 ,$14.69 ,$14.75 ,458423511
1,BAC,2/25/11,$14.38 ,$14.52 ,$13.79 ,$14.20 ,712456757
1,BAC,3/4/11,$14.27 ,$14.48 ,$13.81 ,$14.12 ,699671790
1,BAC,3/11/11,$14.18 ,$14.70 ,$13.92 ,$14.38 ,805210688
1,BAC,3/18/11,$14.26 ,$14.35 ,$13.66 ,$14.04 ,792380862
1,BAC,3/25/11,$14.20 ,$14.22 ,$13.32 ,$13.34 ,717678994
1,CAT,1/7/11,$94.38 ,$94.81 ,$92.30 ,$93.73 ,24135903
1,CAT,1/14/11,$93.21 ,$94.70 ,$92.51 ,$94.01 ,19707235
1,CAT,1/21/11,$94.16 ,$96.80 ,$92.37 ,$92.75 ,28651009
1,CAT,1/28/11,$92.71 ,$97.79 ,$92.51 ,$95.68 ,34929068
1,CAT,2/4/11,$96.13 ,$99.72 ,$95.85 ,$99.59 ,31169285
1,CAT,2/11/11,$99.62 ,$103.55 ,$98.75 ,$103.54 ,27632394
1,CAT,2/18/11,$103.56 ,$105.86 ,$102.01 ,$105.86 ,16331886
1,CAT,2/25/11,$104.86 ,$105.30 ,$98.03 ,$102.00 ,28146727
1,CAT,3/4/11,$102.72 ,$104.43 ,$99.35 ,$103.04 ,29851515
1,CAT,3/11/11,$103.42 ,$104.45 ,$97.01 ,$100.02 ,38614049
1,CAT,3/18/11,$102.59 ,$105.64 ,$98.55 ,$105.06 ,54195667
1,CAT,3/25/11,$106.90 ,$110.15 ,$105.64 ,$109.09 ,37837456
1,CSCO,1/7/11,$20.45 ,$21.00 ,$20.38 ,$20.97 ,303545878
1,CSCO,1/14/11,$20.94 ,$21.23 ,$20.70 ,$21.21 ,154708263
1,CSCO,1/21/11,$21.22 ,$21.33 ,$20.50 ,$20.72 ,193706863
1,CSCO,1/28/11,$20.84 ,$21.61 ,$20.73 ,$20.93 ,265687272
1,CSCO,2/4/11,$20.93 ,$22.15 ,$20.71 ,$22.05 ,236334561
1,CSCO,2/11/11,$22.11 ,$22.34 ,$18.61 ,$18.70 ,1000362015
1,CSCO,2/18/11,$18.84 ,$18.95 ,$18.56 ,$18.85 ,390258123
1,CSCO,2/25/11,$18.73 ,$18.74 ,$18.23 ,$18.64 ,285212201
1,CSCO,3/4/11,$18.62 ,$18.79 ,$18.31 ,$18.40 ,302059981
1,CSCO,3/11/11,$18.36 ,$18.37 ,$17.76 ,$17.95 ,311209442
1,CSCO,3/18/11,$17.81 ,$17.88 ,$16.97 ,$17.14 ,444161658
1,CSCO,3/25/11,$17.34 ,$17.64 ,$17.20 ,$17.28 ,284574143
1,CVX,1/7/11,$91.66 ,$92.48 ,$90.27 ,$91.19 ,35556288
1,CVX,1/14/11,$90.95 ,$92.85 ,$90.12 ,$92.83 ,28260512
1,CVX,1/21/11,$92.94 ,$93.94 ,$91.58 ,$93.78 ,27752622
1,CVX,1/28/11,$93.89 ,$94.97 ,$92.93 ,$93.37 ,42303108
1,CVX,2/4/11,$93.85 ,$97.44 ,$93.37 ,$97.11 ,48766293
1,CVX,2/11/11,$97.28 ,$98.23 ,$95.70 ,$96.45 ,38838595
1,CVX,2/18/11,$95.50 ,$98.72 ,$95.50 ,$98.72 ,28037827
1,CVX,2/25/11,$99.23 ,$103.94 ,$99.23 ,$102.10 ,57897831
1,CVX,3/4/11,$102.28 ,$104.99 ,$102.18 ,$103.75 ,48214502
1,CVX,3/11/11,$104.12 ,$104.77 ,$97.60 ,$99.93 ,43673568
1,CVX,3/18/11,$99.16 ,$103.97 ,$97.98 ,$102.80 ,56186791
1,CVX,3/25/11,$103.86 ,$107.01 ,$103.20 ,$106.78 ,39606692
1,DD,1/7/11,$50.05 ,$50.54 ,$49.28 ,$49.76 ,27658789
1,DD,1/14/11,$48.30 ,$49.80 ,$47.20 ,$49.80 ,34546875
1,DD,1/21/11,$49.53 ,$50.14 ,$47.65 ,$48.35 ,25611091
1,DD,1/28/11,$48.44 ,$50.66 ,$48.26 ,$50.29 ,45429653
1,DD,2/4/11,$50.15 ,$52.63 ,$50.09 ,$52.53 ,31069977
1,DD,2/11/11,$52.62 ,$54.75 ,$52.51 ,$54.58 ,37155830
1,DD,2/18/11,$54.44 ,$55.98 ,$53.80 ,$55.98 ,27705910
1,DD,2/25/11,$54.95 ,$55.30 ,$52.36 ,$54.07 ,33190716
1,DD,3/4/11,$54.22 ,$54.95 ,$52.76 ,$53.87 ,32958368
1,DD,3/11/11,$54.10 ,$54.49 ,$51.82 ,$52.90 ,27091813
1,DD,3/18/11,$53.18 ,$53.50 ,$51.10 ,$52.99 ,39779608
1,DD,3/25/11,$53.80 ,$54.64 ,$52.89 ,$54.10 ,24464568
1,DIS,1/7/11,$37.74 ,$40.00 ,$37.62 ,$39.45 ,72917621
1,DIS,1/14/11,$39.01 ,$39.81 ,$38.92 ,$39.29 ,31943413
1,DIS,1/21/11,$39.07 ,$39.94 ,$38.51 ,$39.74 ,36187032
1,DIS,1/28/11,$39.64 ,$39.95 ,$38.65 ,$38.85 ,42131642
1,DIS,2/4/11,$39.04 ,$40.77 ,$38.64 ,$40.71 ,53521486
1,DIS,2/11/11,$40.80 ,$44.05 ,$40.71 ,$43.41 ,83975520
1,DIS,2/18/11,$43.19 ,$43.90 ,$42.98 ,$43.56 ,33868302
1,DIS,2/25/11,$42.83 ,$43.28 ,$41.60 ,$42.95 ,56966763
1,DIS,3/4/11,$43.02 ,$44.34 ,$42.97 ,$43.55 ,53096584
1,DIS,3/11/11,$43.53 ,$43.61 ,$42.16 ,$42.93 ,41229388
1,DIS,3/18/11,$42.64 ,$42.67 ,$40.42 ,$41.23 ,65060004
1,DIS,3/25/11,$41.46 ,$43.24 ,$40.87 ,$42.97 ,40696371
1,GE,1/7/11,$18.49 ,$18.72 ,$18.12 ,$18.43 ,280146510
1,GE,1/14/11,$18.61 ,$18.82 ,$18.46 ,$18.82 ,215626229
1,GE,1/21/11,$18.98 ,$19.97 ,$18.17 ,$19.74 ,449508777
1,GE,1/28/11,$19.93 ,$20.74 ,$19.74 ,$20.20 ,437317986
1,GE,2/4/11,$20.13 ,$20.96 ,$20.10 ,$20.56 ,246591055
1,GE,2/11/11,$20.77 ,$21.44 ,$20.73 ,$21.33 ,252254376
1,GE,2/18/11,$21.51 ,$21.65 ,$21.24 ,$21.44 ,158691572
1,GE,2/25/11,$20.88 ,$21.21 ,$20.08 ,$20.82 ,268500170
1,GE,3/4/11,$20.95 ,$21.17 ,$20.16 ,$20.37 ,261175412
1,GE,3/11/11,$20.40 ,$20.79 ,$19.94 ,$20.36 ,303566341
1,GE,3/18/11,$19.96 ,$20.09 ,$18.60 ,$19.25 ,520516218
1,GE,3/25/11,$19.68 ,$19.93 ,$19.25 ,$19.75 ,227819072
1,HD,1/7/11,$35.20 ,$35.57 ,$34.18 ,$34.38 ,56576860
1,HD,1/14/11,$34.16 ,$35.89 ,$34.07 ,$35.89 ,41918450
1,HD,1/21/11,$35.97 ,$36.99 ,$35.48 ,$36.51 ,45249920
1,HD,1/28/11,$36.46 ,$38.12 ,$36.30 ,$36.70 ,63397367
1,HD,2/4/11,$37.13 ,$37.18 ,$36.38 ,$36.80 ,41844858
1,HD,2/11/11,$36.80 ,$37.48 ,$36.41 ,$37.48 ,36079400
1,HD,2/18/11,$37.47 ,$38.48 ,$37.27 ,$38.48 ,30619613
1,HD,2/25/11,$39.30 ,$39.38 ,$36.78 ,$37.08 ,54816070
1,HD,3/4/11,$37.15 ,$37.86 ,$36.33 ,$37.22 ,49763519
1,HD,3/11/11,$37.26 ,$37.78 ,$36.54 ,$37.14 ,49156185
1,HD,3/18/11,$36.92 ,$36.94 ,$35.43 ,$36.00 ,52758908
1,HD,3/25/11,$36.29 ,$37.82 ,$36.03 ,$37.42 ,40337534
1,HPQ,1/7/11,$42.22 ,$45.39 ,$42.22 ,$45.09 ,100020724
1,HPQ,1/14/11,$44.86 ,$46.25 ,$44.57 ,$46.25 ,65464211
1,HPQ,1/21/11,$46.14 ,$47.64 ,$45.76 ,$47.23 ,82623453
1,HPQ,1/28/11,$46.69 ,$47.83 ,$45.36 ,$45.51 ,84066350
1,HPQ,2/4/11,$45.41 ,$47.52 ,$45.13 ,$47.43 ,74475624
1,HPQ,2/11/11,$47.71 ,$49.39 ,$47.61 ,$48.64 ,84089936
1,HPQ,2/18/11,$48.45 ,$49.12 ,$47.54 ,$48.67 ,49401750
1,HPQ,2/25/11,$47.57 ,$48.55 ,$42.08 ,$42.68 ,211147488
1,HPQ,3/4/11,$43.06 ,$43.85 ,$42.06 ,$42.61 ,110702335
1,HPQ,3/11/11,$42.90 ,$43.05 ,$41.26 ,$41.73 ,85140794
1,HPQ,3/18/11,$41.31 ,$42.15 ,$40.10 ,$41.32 ,121051768
1,HPQ,3/25/11,$41.85 ,$43.28 ,$41.35 ,$42.53 ,78089358
1,IBM,1/7/11,$147.21 ,$148.86 ,$146.64 ,$147.93 ,23492843
1,IBM,1/14/11,$147.00 ,$150.00 ,$146.00 ,$150.00 ,15335348
1,IBM,1/21/11,$149.82 ,$156.78 ,$149.38 ,$155.50 ,35770931
1,IBM,1/28/11,$155.42 ,$164.35 ,$155.33 ,$159.21 ,32510483
1,IBM,2/4/11,$159.18 ,$164.20 ,$158.68 ,$164.00 ,25377163
1,IBM,2/11/11,$164.08 ,$166.25 ,$163.18 ,$163.85 ,26106753
1,IBM,2/18/11,$164.18 ,$164.84 ,$162.52 ,$164.84 ,14352613
1,IBM,2/25/11,$163.57 ,$164.26 ,$159.03 ,$162.28 ,21443811
1,IBM,3/4/11,$162.36 ,$164.31 ,$159.41 ,$161.83 ,21549118
1,IBM,3/11/11,$161.60 ,$167.72 ,$158.85 ,$162.43 ,31119857
1,IBM,3/18/11,$161.16 ,$161.98 ,$151.71 ,$155.89 ,41827781
1,IBM,3/25/11,$157.64 ,$162.74 ,$157.07 ,$162.18 ,25381792
1,INTC,1/7/11,$21.01 ,$21.21 ,$20.27 ,$20.66 ,386719626
1,INTC,1/14/11,$20.71 ,$21.33 ,$20.57 ,$21.08 ,274111012
1,INTC,1/21/11,$21.03 ,$21.20 ,$20.62 ,$20.82 ,218479469
1,INTC,1/28/11,$21.03 ,$21.94 ,$20.93 ,$21.46 ,325168191
1,INTC,2/4/11,$21.55 ,$21.71 ,$21.03 ,$21.68 ,277969054
1,INTC,2/11/11,$21.74 ,$21.86 ,$21.35 ,$21.76 ,236842359
1,INTC,2/18/11,$21.63 ,$22.14 ,$21.28 ,$22.14 ,201181541
1,INTC,2/25/11,$21.95 ,$22.19 ,$21.01 ,$21.86 ,256135777
1,INTC,3/4/11,$21.75 ,$22.08 ,$21.35 ,$21.56 ,291751623
1,INTC,3/11/11,$21.69 ,$21.74 ,$20.61 ,$20.87 ,289874871
1,INTC,3/18/11,$20.66 ,$20.88 ,$19.71 ,$19.93 ,347426088
1,INTC,3/25/11,$19.90 ,$20.60 ,$19.88 ,$20.37 ,229150771
1,JNJ,1/7/11,$62.63 ,$63.54 ,$62.53 ,$62.60 ,57774737
1,JNJ,1/14/11,$62.29 ,$62.98 ,$62.00 ,$62.55 ,34950419
1,JNJ,1/21/11,$62.21 ,$63.25 ,$62.01 ,$62.66 ,47999880
1,JNJ,1/28/11,$62.56 ,$62.72 ,$60.00 ,$60.01 ,86229071
1,JNJ,2/4/11,$60.16 ,$60.99 ,$59.69 ,$60.84 ,63641929
1,JNJ,2/11/11,$60.88 ,$61.17 ,$60.42 ,$60.70 ,42897125
1,JNJ,2/18/11,$60.69 ,$61.11 ,$60.33 ,$61.11 ,33273371
1,JNJ,2/25/11,$60.68 ,$61.08 ,$59.36 ,$59.64 ,46786798
1,JNJ,3/4/11,$59.93 ,$61.50 ,$59.77 ,$61.06 ,63576642
1,JNJ,3/11/11,$61.09 ,$61.10 ,$59.11 ,$59.69 ,53844149
1,JNJ,3/18/11,$59.49 ,$59.49 ,$57.50 ,$58.57 ,71716802
1,JNJ,3/25/11,$58.67 ,$59.16 ,$58.50 ,$58.98 ,47498000
1,JPM,1/7/11,$43.00 ,$44.95 ,$42.64 ,$43.64 ,234547885
1,JPM,1/14/11,$43.27 ,$44.97 ,$43.00 ,$44.91 ,144662779
1,JPM,1/21/11,$45.02 ,$45.54 ,$43.60 ,$45.29 ,182971761
1,JPM,1/28/11,$45.21 ,$45.88 ,$44.26 ,$44.54 ,154832501
1,JPM,2/4/11,$44.41 ,$46.00 ,$44.30 ,$44.59 ,137430065
1,JPM,2/11/11,$44.75 ,$46.89 ,$44.65 ,$46.57 ,162434145
1,JPM,2/18/11,$46.00 ,$48.00 ,$46.00 ,$48.00 ,131941706
1,JPM,2/25/11,$47.20 ,$47.27 ,$45.21 ,$46.68 ,139540125
1,JPM,3/4/11,$46.81 ,$47.18 ,$45.07 ,$45.52 ,139051830
1,JPM,3/11/11,$45.62 ,$47.10 ,$44.76 ,$45.74 ,140414285
1,JPM,3/18/11,$45.42 ,$46.18 ,$43.40 ,$45.74 ,226413618
1,JPM,3/25/11,$46.28 ,$46.38 ,$44.77 ,$45.86 ,117959443
1,KRFT,1/7/11,$31.76 ,$31.76 ,$31.14 ,$31.19 ,44971770
1,KRFT,1/14/11,$30.91 ,$31.72 ,$30.89 ,$31.34 ,24955086
1,KRFT,1/21/11,$31.41 ,$31.52 ,$30.89 ,$31.35 ,41200255
1,KRFT,1/28/11,$31.39 ,$31.77 ,$30.50 ,$30.53 ,55657855
1,KRFT,2/4/11,$30.53 ,$31.22 ,$30.21 ,$31.19 ,34764359
1,KRFT,2/11/11,$31.18 ,$31.25 ,$30.24 ,$30.66 ,65912258
1,KRFT,2/18/11,$30.67 ,$30.93 ,$30.26 ,$30.91 ,38172345
1,KRFT,2/25/11,$30.72 ,$32.20 ,$30.66 ,$31.71 ,50462721
1,KRFT,3/4/11,$31.82 ,$31.88 ,$31.28 ,$31.58 ,55211152
1,KRFT,3/11/11,$31.56 ,$31.79 ,$31.18 ,$31.70 ,41766976
1,KRFT,3/18/11,$31.51 ,$31.60 ,$30.45 ,$30.99 ,51736270
1,KRFT,3/25/11,$30.78 ,$31.49 ,$30.43 ,$31.26 ,41958399
1,KO,1/7/11,$65.88 ,$65.88 ,$62.56 ,$62.92 ,59802189
1,KO,1/14/11,$62.70 ,$63.86 ,$62.56 ,$63.13 ,31297830
1,KO,1/21/11,$63.21 ,$63.92 ,$62.72 ,$62.77 ,36000586
1,KO,1/28/11,$62.87 ,$63.31 ,$62.14 ,$62.21 ,42141599
1,KO,2/4/11,$62.32 ,$63.48 ,$61.89 ,$62.56 ,34863226
1,KO,2/11/11,$62.67 ,$64.75 ,$62.32 ,$63.57 ,46269528
1,KO,2/18/11,$63.67 ,$64.72 ,$62.55 ,$64.55 ,29937386
1,KO,2/25/11,$63.36 ,$64.40 ,$63.33 ,$64.31 ,32331825
1,KO,3/4/11,$64.17 ,$65.87 ,$63.86 ,$65.21 ,61665987
1,KO,3/11/11,$65.32 ,$65.84 ,$64.47 ,$64.81 ,44560041
1,KO,3/18/11,$64.34 ,$64.61 ,$61.29 ,$62.70 ,59542953
1,KO,3/25/11,$63.13 ,$65.39 ,$63.05 ,$65.22 ,29853434
1,MCD,1/7/11,$77.10 ,$77.59 ,$73.59 ,$74.37 ,85400677
1,MCD,1/14/11,$74.25 ,$74.49 ,$72.46 ,$74.06 ,44895850
1,MCD,1/21/11,$74.65 ,$75.75 ,$74.31 ,$75.01 ,40056497
1,MCD,1/28/11,$74.25 ,$75.85 ,$73.05 ,$73.28 ,46734907
1,MCD,2/4/11,$73.80 ,$74.50 ,$73.08 ,$74.05 ,41519549
1,MCD,2/11/11,$74.13 ,$76.32 ,$73.30 ,$76.14 ,39363816
1,MCD,2/18/11,$76.07 ,$76.45 ,$75.70 ,$76.13 ,16734140
1,MCD,2/25/11,$75.95 ,$76.45 ,$74.42 ,$74.44 ,27881213
1,MCD,3/4/11,$74.51 ,$76.63 ,$73.64 ,$76.03 ,41047787
1,MCD,3/11/11,$76.38 ,$77.25 ,$74.97 ,$76.73 ,34855064
1,MCD,3/18/11,$76.10 ,$76.41 ,$72.89 ,$72.99 ,40853280
1,MCD,3/25/11,$73.50 ,$75.75 ,$73.38 ,$75.25 ,23877441
1,MMM,1/7/11,$86.75 ,$87.90 ,$85.63 ,$86.23 ,16166921
1,MMM,1/14/11,$85.70 ,$88.80 ,$85.70 ,$88.10 ,11585909
1,MMM,1/21/11,$87.84 ,$89.39 ,$87.25 ,$89.29 ,10705548
1,MMM,1/28/11,$89.21 ,$90.50 ,$87.20 ,$87.44 ,26110543
1,MMM,2/4/11,$87.93 ,$88.45 ,$87.31 ,$88.29 ,14960948
1,MMM,2/11/11,$88.17 ,$91.95 ,$87.81 ,$91.80 ,16315175
1,MMM,2/18/11,$91.72 ,$92.96 ,$91.00 ,$92.96 ,13431331
1,MMM,2/25/11,$92.73 ,$93.65 ,$89.27 ,$90.25 ,17249356
1,MMM,3/4/11,$91.90 ,$93.40 ,$90.24 ,$92.19 ,17453306
1,MMM,3/11/11,$92.58 ,$94.16 ,$89.71 ,$91.61 ,18144593
1,MMM,3/18/11,$91.21 ,$91.21 ,$86.91 ,$88.98 ,23633329
1,MMM,3/25/11,$90.27 ,$92.98 ,$90.17 ,$92.27 ,14970403
1,MRK,1/7/11,$36.29 ,$37.35 ,$35.85 ,$37.35 ,72760487
1,MRK,1/14/11,$37.26 ,$37.61 ,$34.23 ,$34.23 ,108158891
1,MRK,1/21/11,$34.07 ,$34.30 ,$33.48 ,$33.90 ,131132702
1,MRK,1/28/11,$33.99 ,$33.99 ,$33.00 ,$33.07 ,110066602
1,MRK,2/4/11,$33.29 ,$34.04 ,$32.51 ,$32.89 ,114880019
1,MRK,2/11/11,$32.94 ,$33.30 ,$32.74 ,$33.07 ,62039482
1,MRK,2/18/11,$32.97 ,$33.19 ,$32.65 ,$32.85 ,54419625
1,MRK,2/25/11,$32.75 ,$32.80 ,$31.85 ,$32.19 ,57467917
1,MRK,3/4/11,$32.20 ,$33.36 ,$32.19 ,$33.06 ,128028062
1,MRK,3/11/11,$33.00 ,$33.48 ,$32.45 ,$32.73 ,91319466
1,MRK,3/18/11,$32.50 ,$32.60 ,$31.06 ,$31.91 ,86394177
1,MRK,3/25/11,$32.09 ,$32.90 ,$32.04 ,$32.57 ,66135182
1,MSFT,1/7/11,$28.05 ,$28.85 ,$27.77 ,$28.60 ,328646154
1,MSFT,1/14/11,$28.20 ,$28.50 ,$28.00 ,$28.30 ,227601331
1,MSFT,1/21/11,$28.16 ,$28.74 ,$28.02 ,$28.02 ,220040646
1,MSFT,1/28/11,$28.02 ,$29.46 ,$27.45 ,$27.75 ,457318851
1,MSFT,2/4/11,$27.77 ,$28.11 ,$27.42 ,$27.77 ,274432773
1,MSFT,2/11/11,$27.80 ,$28.34 ,$27.07 ,$27.25 ,317408348
1,MSFT,2/18/11,$27.20 ,$27.37 ,$26.60 ,$27.06 ,228916129
1,MSFT,2/25/11,$26.78 ,$27.10 ,$26.43 ,$26.55 ,238628349
1,MSFT,3/4/11,$26.69 ,$26.86 ,$25.80 ,$25.95 ,298801508
1,MSFT,3/11/11,$26.13 ,$26.27 ,$25.35 ,$25.68 ,271799244
1,MSFT,3/18/11,$25.49 ,$25.76 ,$24.68 ,$24.80 ,379216242
1,MSFT,3/25/11,$25.18 ,$25.95 ,$25.15 ,$25.62 ,217545216
1,PFE,1/7/11,$17.70 ,$18.38 ,$17.62 ,$18.34 ,386804789
1,PFE,1/14/11,$18.22 ,$18.48 ,$18.13 ,$18.34 ,218359623
1,PFE,1/21/11,$18.35 ,$18.49 ,$18.02 ,$18.36 ,159663706
1,PFE,1/28/11,$18.33 ,$18.76 ,$18.14 ,$18.15 ,277157388
1,PFE,2/4/11,$18.19 ,$19.39 ,$18.16 ,$19.30 ,358819619
1,PFE,2/11/11,$19.27 ,$19.30 ,$18.62 ,$18.83 ,180912039
1,PFE,2/18/11,$18.82 ,$19.39 ,$18.72 ,$19.19 ,153153528
1,PFE,2/25/11,$18.88 ,$19.13 ,$18.67 ,$18.86 ,177077740
1,PFE,3/4/11,$18.95 ,$19.90 ,$18.90 ,$19.66 ,257979737
1,PFE,3/11/11,$19.64 ,$19.75 ,$19.30 ,$19.47 ,195391037
1,PFE,3/18/11,$19.45 ,$20.29 ,$19.15 ,$20.18 ,457640533
1,PFE,3/25/11,$20.32 ,$20.50 ,$19.74 ,$20.35 ,215914627
1,PG,1/7/11,$64.39 ,$65.08 ,$64.00 ,$64.50 ,52323352
1,PG,1/14/11,$64.40 ,$65.53 ,$63.40 ,$65.53 ,41932473
1,PG,1/21/11,$65.65 ,$65.95 ,$65.05 ,$65.91 ,46213962
1,PG,1/28/11,$65.90 ,$66.95 ,$63.14 ,$64.20 ,70042160
1,PG,2/4/11,$64.35 ,$64.36 ,$62.30 ,$63.61 ,57201539
1,PG,2/11/11,$63.95 ,$64.97 ,$63.80 ,$64.73 ,51999812
1,PG,2/18/11,$64.80 ,$64.80 ,$63.40 ,$64.30 ,36098973
1,PG,2/25/11,$63.73 ,$64.40 ,$62.53 ,$62.84 ,47748854
1,PG,3/4/11,$62.80 ,$63.65 ,$61.56 ,$62.03 ,59801160
1,PG,3/11/11,$62.00 ,$62.30 ,$61.12 ,$61.49 ,52731797
1,PG,3/18/11,$61.04 ,$61.39 ,$59.70 ,$60.60 ,66311521
1,PG,3/25/11,$60.96 ,$61.52 ,$60.54 ,$60.88 ,41351155
1,T,1/7/11,$29.68 ,$30.10 ,$28.66 ,$28.85 ,157834347
1,T,1/14/11,$28.54 ,$28.61 ,$27.71 ,$28.43 ,170616350
1,T,1/21/11,$28.55 ,$28.59 ,$28.15 ,$28.33 ,130584257
1,T,1/28/11,$28.46 ,$28.95 ,$27.41 ,$27.49 ,171464186
1,T,2/4/11,$27.42 ,$28.06 ,$27.20 ,$27.97 ,118469916
1,T,2/11/11,$27.97 ,$28.59 ,$27.63 ,$28.47 ,128889979
1,T,2/18/11,$28.40 ,$28.57 ,$28.00 ,$28.57 ,88244232
1,T,2/25/11,$28.32 ,$28.42 ,$27.61 ,$28.13 ,94960503
1,T,3/4/11,$28.25 ,$28.53 ,$27.79 ,$27.92 ,118740085
1,T,3/11/11,$27.95 ,$28.89 ,$27.73 ,$28.46 ,139153253
1,T,3/18/11,$28.32 ,$28.42 ,$27.27 ,$27.94 ,153806769
1,T,3/25/11,$28.77 ,$29.10 ,$27.95 ,$28.85 ,169105318
1,TRV,1/7/11,$56.09 ,$56.34 ,$52.88 ,$53.33 ,20010115
1,TRV,1/14/11,$53.12 ,$54.84 ,$52.96 ,$54.63 ,14820631
1,TRV,1/21/11,$54.62 ,$55.24 ,$54.07 ,$55.00 ,13631048
1,TRV,1/28/11,$55.14 ,$57.78 ,$54.97 ,$55.81 ,26595621
1,TRV,2/4/11,$55.81 ,$57.52 ,$55.81 ,$57.41 ,27494461
1,TRV,2/11/11,$57.32 ,$59.12 ,$56.97 ,$58.99 ,19539527
1,TRV,2/18/11,$58.84 ,$60.92 ,$58.53 ,$60.92 ,14107769
1,TRV,2/25/11,$60.60 ,$61.15 ,$59.05 ,$59.60 ,20849299
1,TRV,3/4/11,$59.60 ,$60.02 ,$58.53 ,$59.18 ,20284170
1,TRV,3/11/11,$59.26 ,$59.72 ,$57.88 ,$58.88 ,15980871
1,TRV,3/18/11,$58.47 ,$59.51 ,$57.51 ,$58.06 ,24832210
1,TRV,3/25/11,$58.44 ,$59.28 ,$57.99 ,$58.98 ,14126721
1,UTX,1/7/11,$79.19 ,$79.75 ,$78.40 ,$79.08 ,15797841
1,UTX,1/14/11,$78.27 ,$79.90 ,$77.81 ,$79.08 ,12713121
1,UTX,1/21/11,$79.28 ,$80.50 ,$78.98 ,$80.20 ,16471934
1,UTX,1/28/11,$80.26 ,$83.08 ,$80.26 ,$81.43 ,23565688
1,UTX,2/4/11,$81.80 ,$82.60 ,$80.66 ,$82.52 ,15689029
1,UTX,2/11/11,$82.85 ,$85.46 ,$82.73 ,$85.20 ,16641148
1,UTX,2/18/11,$85.07 ,$85.44 ,$84.25 ,$85.01 ,11922670
1,UTX,2/25/11,$84.54 ,$84.69 ,$81.81 ,$83.37 ,15551183
1,UTX,3/4/11,$83.58 ,$84.24 ,$81.42 ,$82.86 ,19167224
1,UTX,3/11/11,$83.03 ,$84.05 ,$80.26 ,$81.28 ,22004496
1,UTX,3/18/11,$80.74 ,$81.23 ,$77.05 ,$80.16 ,26234929
1,UTX,3/25/11,$81.30 ,$83.59 ,$80.57 ,$83.52 ,19032729
1,VZ,1/7/11,$36.06 ,$37.70 ,$35.41 ,$35.93 ,141938064
1,VZ,1/14/11,$36.55 ,$36.58 ,$34.98 ,$35.46 ,130610954
1,VZ,1/21/11,$35.38 ,$35.51 ,$34.35 ,$34.95 ,108296302
1,VZ,1/28/11,$34.88 ,$36.59 ,$34.88 ,$35.63 ,124127036
1,VZ,2/4/11,$35.64 ,$36.48 ,$35.38 ,$36.31 ,72890565
1,VZ,2/11/11,$36.30 ,$36.77 ,$35.77 ,$36.39 ,78429505
1,VZ,2/18/11,$36.31 ,$36.62 ,$35.66 ,$36.62 ,68915874
1,VZ,2/25/11,$36.24 ,$36.32 ,$35.34 ,$35.97 ,57673647
1,VZ,3/4/11,$36.06 ,$36.94 ,$35.85 ,$36.08 ,80086312
1,VZ,3/11/11,$36.13 ,$36.65 ,$35.65 ,$35.85 ,66137992
1,VZ,3/18/11,$35.74 ,$35.84 ,$33.36 ,$35.84 ,124202175
1,VZ,3/25/11,$36.66 ,$37.32 ,$36.37 ,$37.29 ,79604168
1,WMT,1/7/11,$54.23 ,$55.07 ,$53.76 ,$54.08 ,64231179
1,WMT,1/14/11,$53.65 ,$55.36 ,$53.54 ,$54.81 ,48929455
1,WMT,1/21/11,$55.11 ,$56.27 ,$54.71 ,$55.73 ,53009787
1,WMT,1/28/11,$55.39 ,$57.90 ,$55.30 ,$56.70 ,69546259
1,WMT,2/4/11,$56.45 ,$56.58 ,$55.39 ,$56.03 ,60981950
1,WMT,2/11/11,$56.07 ,$56.73 ,$55.30 ,$55.69 ,49477410
1,WMT,2/18/11,$55.26 ,$55.38 ,$54.35 ,$55.38 ,51556658
1,WMT,2/25/11,$53.81 ,$54.01 ,$51.52 ,$51.75 ,92696912
1,WMT,3/4/11,$51.75 ,$52.60 ,$51.68 ,$52.07 ,74964203
1,WMT,3/11/11,$52.26 ,$53.88 ,$51.75 ,$52.59 ,69185186
1,WMT,3/18/11,$52.35 ,$52.52 ,$50.97 ,$51.52 ,63198175
1,WMT,3/25/11,$51.73 ,$52.95 ,$51.38 ,$52.35 ,53385178
1,XOM,1/7/11,$73.72 ,$75.90 ,$73.64 ,$75.59 ,101740933
1,XOM,1/14/11,$75.13 ,$77.84 ,$74.58 ,$77.84 ,74376886
1,XOM,1/21/11,$77.79 ,$79.10 ,$76.77 ,$78.98 ,99941187
1,XOM,1/28/11,$78.85 ,$79.98 ,$77.93 ,$78.99 ,115376817
1,XOM,2/4/11,$79.92 ,$83.98 ,$79.01 ,$83.28 ,129743696
1,XOM,2/11/11,$83.45 ,$84.00 ,$81.61 ,$82.82 ,85733429
1,XOM,2/18/11,$82.00 ,$85.10 ,$81.80 ,$84.50 ,93325562
1,XOM,2/25/11,$84.97 ,$88.23 ,$84.73 ,$85.34 ,122018405
1,XOM,3/4/11,$85.87 ,$86.56 ,$83.55 ,$85.08 ,102134160
1,XOM,3/11/11,$85.84 ,$86.08 ,$80.10 ,$82.12 ,92727886
1,XOM,3/18/11,$81.67 ,$82.64 ,$78.80 ,$80.85 ,123914255
1,XOM,3/25/11,$81.87 ,$83.93 ,$81.86 ,$83.62 ,83364516
2,AA,4/1/11,$17.13 ,$17.80 ,$17.02 ,$17.47 ,103320396
2,AA,4/8/11,$17.42 ,$18.47 ,$17.42 ,$17.92 ,129237024
2,AA,4/15/11,$18.06 ,$18.19 ,$16.38 ,$16.52 ,213061090
2,AA,4/21/11,$16.36 ,$16.97 ,$15.88 ,$16.97 ,85235391
2,AA,4/29/11,$16.94 ,$17.24 ,$16.66 ,$17.00 ,90831895
2,AA,5/6/11,$17.27 ,$17.96 ,$16.83 ,$17.15 ,225053559
2,AA,5/13/11,$17.16 ,$17.62 ,$16.75 ,$17.10 ,111630753
2,AA,5/20/11,$17.00 ,$17.29 ,$16.26 ,$16.26 ,118281015
2,AA,5/27/11,$15.96 ,$16.48 ,$15.83 ,$16.48 ,77236662
2,AA,6/3/11,$16.73 ,$16.83 ,$15.77 ,$15.92 ,77152591
2,AA,6/10/11,$15.92 ,$16.03 ,$15.17 ,$15.28 ,94970970
2,AA,6/17/11,$15.29 ,$15.50 ,$14.59 ,$14.72 ,111273573
2,AA,6/24/11,$14.67 ,$15.60 ,$14.56 ,$15.23 ,99423717
2,AXP,4/1/11,$45.54 ,$46.29 ,$45.11 ,$45.36 ,28738689
2,AXP,4/8/11,$45.61 ,$46.49 ,$45.10 ,$46.28 ,31114741
2,AXP,4/15/11,$46.36 ,$46.95 ,$45.60 ,$46.25 ,29090940
2,AXP,4/21/11,$45.85 ,$47.48 ,$45.27 ,$47.11 ,22929313
2,AXP,4/29/11,$47.19 ,$49.15 ,$46.77 ,$49.08 ,32470319
2,AXP,5/6/11,$49.37 ,$50.47 ,$49.08 ,$50.20 ,43997724
2,AXP,5/13/11,$50.06 ,$50.46 ,$49.22 ,$49.49 ,35427164
2,AXP,5/20/11,$49.42 ,$51.97 ,$49.17 ,$51.19 ,36565612
2,AXP,5/27/11,$50.74 ,$51.38 ,$49.79 ,$51.13 ,26359875
2,AXP,6/3/11,$51.39 ,$51.70 ,$49.04 ,$49.28 ,25215640
2,AXP,6/10/11,$49.13 ,$49.38 ,$47.33 ,$47.74 ,33828918
2,AXP,6/17/11,$47.96 ,$49.14 ,$46.92 ,$48.50 ,37705374
2,AXP,6/24/11,$48.35 ,$50.15 ,$48.15 ,$48.34 ,34877916
2,BA,4/1/11,$73.50 ,$74.85 ,$73.03 ,$74.01 ,20590618
2,BA,4/8/11,$73.38 ,$74.85 ,$72.71 ,$73.47 ,21220138
2,BA,4/15/11,$73.65 ,$74.28 ,$70.88 ,$72.60 ,19492289
2,BA,4/21/11,$72.72 ,$75.44 ,$71.75 ,$75.44 ,16947409
2,BA,4/29/11,$75.51 ,$80.34 ,$74.68 ,$79.78 ,30503034
2,BA,5/6/11,$80.35 ,$80.65 ,$78.09 ,$79.31 ,25394946
2,BA,5/13/11,$79.31 ,$80.42 ,$78.48 ,$79.03 ,18368201
2,BA,5/20/11,$78.66 ,$78.81 ,$75.83 ,$77.52 ,19990094
2,BA,5/27/11,$76.55 ,$76.99 ,$75.13 ,$76.99 ,15886795
2,BA,6/3/11,$77.80 ,$78.35 ,$74.09 ,$74.84 ,17813730
2,BA,6/10/11,$74.76 ,$75.27 ,$72.61 ,$72.69 ,18574466
2,BA,6/17/11,$73.06 ,$75.51 ,$72.69 ,$74.16 ,25381159
2,BA,6/24/11,$73.96 ,$75.02 ,$70.29 ,$71.26 ,30675314
2,BAC,4/1/11,$13.42 ,$13.61 ,$13.16 ,$13.37 ,499672763
2,BAC,4/8/11,$13.40 ,$13.88 ,$13.37 ,$13.48 ,480033181
2,BAC,4/15/11,$13.50 ,$13.64 ,$12.82 ,$12.82 ,670594575
2,BAC,4/21/11,$12.59 ,$12.60 ,$12.15 ,$12.31 ,624897506
2,BAC,4/29/11,$12.32 ,$12.60 ,$12.23 ,$12.28 ,557530217
2,BAC,5/6/11,$12.36 ,$12.71 ,$12.20 ,$12.31 ,577232010
2,BAC,5/13/11,$12.28 ,$12.43 ,$11.91 ,$11.93 ,623724296
2,BAC,5/20/11,$11.89 ,$12.11 ,$11.53 ,$11.58 ,658968285
2,BAC,5/27/11,$11.47 ,$11.69 ,$11.29 ,$11.69 ,479389107
2,BAC,6/3/11,$11.87 ,$11.92 ,$11.08 ,$11.28 ,596420503
2,BAC,6/10/11,$11.18 ,$11.20 ,$10.41 ,$10.80 ,873241317
2,BAC,6/17/11,$10.89 ,$11.12 ,$10.40 ,$10.68 ,889460755
2,BAC,6/24/11,$10.59 ,$10.94 ,$10.48 ,$10.52 ,603098073
2,CAT,4/1/11,$109.54 ,$113.59 ,$108.61 ,$113.12 ,28116391
2,CAT,4/8/11,$113.75 ,$113.93 ,$108.88 ,$109.82 ,28772937
2,CAT,4/15/11,$110.02 ,$110.30 ,$105.35 ,$107.21 ,30697889
2,CAT,4/21/11,$105.58 ,$109.42 ,$102.16 ,$109.42 ,23938892
2,CAT,4/29/11,$109.24 ,$116.25 ,$107.95 ,$115.41 ,34522949
2,CAT,5/6/11,$116.24 ,$116.55 ,$108.39 ,$110.34 ,39678464
2,CAT,5/13/11,$110.80 ,$112.97 ,$106.02 ,$106.33 ,38211403
2,CAT,5/20/11,$105.87 ,$108.27 ,$101.47 ,$104.33 ,54274252
2,CAT,5/27/11,$101.30 ,$104.60 ,$100.30 ,$104.60 ,30213720
2,CAT,6/3/11,$106.41 ,$106.60 ,$99.15 ,$101.10 ,35887587
2,CAT,6/10/11,$100.25 ,$101.61 ,$96.42 ,$96.79 ,40431926
2,CAT,6/17/11,$96.93 ,$98.45 ,$94.20 ,$95.95 ,43606429
2,CAT,6/24/11,$96.49 ,$102.50 ,$96.05 ,$100.01 ,43722864
2,CSCO,4/1/11,$17.36 ,$17.60 ,$16.99 ,$17.04 ,308644641
2,CSCO,4/8/11,$17.01 ,$18.29 ,$17.00 ,$17.65 ,539982011
2,CSCO,4/15/11,$17.71 ,$17.76 ,$16.97 ,$17.03 ,324203125
2,CSCO,4/21/11,$16.88 ,$16.96 ,$16.52 ,$16.94 ,249420898
2,CSCO,4/29/11,$16.93 ,$17.64 ,$16.90 ,$17.52 ,412492845
2,CSCO,5/6/11,$17.51 ,$17.70 ,$17.28 ,$17.56 ,290282402
2,CSCO,5/13/11,$17.53 ,$17.99 ,$16.64 ,$16.88 ,563552552
2,CSCO,5/20/11,$16.82 ,$16.87 ,$16.34 ,$16.53 ,371711669
2,CSCO,5/27/11,$16.41 ,$16.46 ,$16.11 ,$16.46 ,235050333
2,CSCO,6/3/11,$16.59 ,$16.82 ,$15.98 ,$16.01 ,256069538
2,CSCO,6/10/11,$16.04 ,$16.17 ,$15.01 ,$15.12 ,412198054
2,CSCO,6/17/11,$15.14 ,$15.28 ,$14.78 ,$14.97 ,401380782
2,CSCO,6/24/11,$14.94 ,$15.64 ,$14.92 ,$14.93 ,429730443
2,CVX,4/1/11,$106.40 ,$109.65 ,$105.52 ,$108.32 ,35824123
2,CVX,4/8/11,$108.52 ,$109.94 ,$107.51 ,$109.66 ,31958307
2,CVX,4/15/11,$109.74 ,$109.90 ,$103.13 ,$106.24 ,42617245
2,CVX,4/21/11,$104.95 ,$108.34 ,$103.04 ,$108.13 ,18873837
2,CVX,4/29/11,$107.37 ,$109.60 ,$106.68 ,$109.44 ,28004621
2,CVX,5/6/11,$109.48 ,$109.57 ,$101.11 ,$102.88 ,44930373
2,CVX,5/13/11,$103.25 ,$104.95 ,$100.41 ,$102.39 ,43103424
2,CVX,5/20/11,$102.03 ,$104.53 ,$99.61 ,$102.57 ,39951901
2,CVX,5/27/11,$101.13 ,$103.86 ,$100.70 ,$103.21 ,28858240
2,CVX,6/3/11,$104.61 ,$105.21 ,$99.57 ,$101.00 ,32206213
2,CVX,6/10/11,$100.90 ,$101.87 ,$98.98 ,$99.67 ,35612426
2,CVX,6/17/11,$100.04 ,$101.29 ,$97.71 ,$99.17 ,44845243
2,CVX,6/24/11,$98.88 ,$102.46 ,$97.00 ,$97.90 ,42615162
2,DD,4/1/11,$54.11 ,$55.80 ,$53.70 ,$55.19 ,23341552
2,DD,4/8/11,$55.50 ,$56.52 ,$55.00 ,$55.40 ,19685778
2,DD,4/15/11,$55.45 ,$55.81 ,$53.17 ,$54.89 ,24059673
2,DD,4/21/11,$54.28 ,$56.00 ,$53.19 ,$55.91 ,15537427
2,DD,4/29/11,$55.69 ,$56.88 ,$54.54 ,$56.79 ,27349183
2,DD,5/6/11,$56.42 ,$57.00 ,$53.59 ,$54.63 ,27498887
2,DD,5/13/11,$54.94 ,$56.13 ,$52.55 ,$52.91 ,27207924
2,DD,5/20/11,$52.74 ,$54.00 ,$51.92 ,$52.74 ,27511651
2,DD,5/27/11,$51.75 ,$52.56 ,$50.50 ,$52.56 ,24845668
2,DD,6/3/11,$53.18 ,$53.39 ,$50.11 ,$50.29 ,25203572
2,DD,6/10/11,$50.30 ,$50.90 ,$49.52 ,$49.78 ,28186429
2,DD,6/17/11,$50.03 ,$50.63 ,$48.64 ,$49.57 ,36027620
2,DD,6/24/11,$49.50 ,$51.98 ,$49.46 ,$51.96 ,34797906
2,DIS,4/1/11,$43.19 ,$43.48 ,$42.36 ,$42.85 ,34130223
2,DIS,4/8/11,$42.87 ,$43.05 ,$41.40 ,$41.76 ,39055258
2,DIS,4/15/11,$41.76 ,$42.02 ,$40.84 ,$41.52 ,40820710
2,DIS,4/21/11,$40.97 ,$42.46 ,$40.45 ,$42.27 ,24312043
2,DIS,4/29/11,$42.34 ,$43.35 ,$41.71 ,$43.10 ,30122091
2,DIS,5/6/11,$43.47 ,$43.79 ,$42.30 ,$43.06 ,35369886
2,DIS,5/13/11,$43.32 ,$44.12 ,$40.94 ,$41.52 ,78855110
2,DIS,5/20/11,$41.26 ,$41.84 ,$40.68 ,$41.50 ,50988843
2,DIS,5/27/11,$41.15 ,$41.52 ,$40.55 ,$41.52 ,34651349
2,DIS,6/3/11,$41.90 ,$41.99 ,$39.17 ,$39.38 ,52169227
2,DIS,6/10/11,$39.18 ,$39.88 ,$38.42 ,$38.50 ,49099516
2,DIS,6/17/11,$38.63 ,$38.86 ,$37.77 ,$38.04 ,54513950
2,DIS,6/24/11,$37.85 ,$38.89 ,$37.19 ,$37.58 ,50409504
2,GE,4/1/11,$19.81 ,$20.50 ,$19.53 ,$20.34 ,207897262
2,GE,4/8/11,$20.73 ,$20.75 ,$20.07 ,$20.19 ,238618636
2,GE,4/15/11,$20.24 ,$20.37 ,$19.60 ,$20.04 ,212315926
2,GE,4/21/11,$19.77 ,$20.54 ,$19.51 ,$19.95 ,182835072
2,GE,4/29/11,$20.14 ,$20.85 ,$19.89 ,$20.45 ,280299000
2,GE,5/6/11,$20.70 ,$20.71 ,$19.81 ,$20.01 ,235180053
2,GE,5/13/11,$19.97 ,$20.42 ,$19.76 ,$19.89 ,195448891
2,GE,5/20/11,$19.85 ,$20.05 ,$19.41 ,$19.62 ,228297982
2,GE,5/27/11,$19.32 ,$19.52 ,$18.97 ,$19.44 ,169411364
2,GE,6/3/11,$19.68 ,$19.72 ,$18.75 ,$18.82 ,207576381
2,GE,6/10/11,$18.71 ,$18.80 ,$18.14 ,$18.32 ,260898990
2,GE,6/17/11,$18.31 ,$18.90 ,$18.20 ,$18.49 ,261979707
2,GE,6/24/11,$18.34 ,$18.94 ,$17.97 ,$17.97 ,295978977
2,HD,4/1/11,$37.46 ,$37.87 ,$36.62 ,$37.56 ,52881329
2,HD,4/8/11,$37.48 ,$37.96 ,$37.21 ,$37.46 ,47021433
2,HD,4/15/11,$37.45 ,$38.40 ,$37.17 ,$38.17 ,42983064
2,HD,4/21/11,$37.70 ,$38.50 ,$37.20 ,$37.80 ,24190528
2,HD,4/29/11,$37.61 ,$37.71 ,$36.94 ,$37.15 ,61019095
2,HD,5/6/11,$37.44 ,$37.67 ,$36.77 ,$36.99 ,52439439
2,HD,5/13/11,$36.93 ,$37.43 ,$36.70 ,$37.01 ,41391929
2,HD,5/20/11,$36.69 ,$37.94 ,$36.55 ,$37.05 ,53378802
2,HD,5/27/11,$36.00 ,$37.00 ,$36.00 ,$36.00 ,40673778
2,HD,6/3/11,$36.18 ,$36.28 ,$34.43 ,$34.63 ,39307513
2,HD,6/10/11,$34.53 ,$35.02 ,$33.42 ,$33.47 ,45606663
2,HD,6/17/11,$33.46 ,$34.93 ,$33.41 ,$34.53 ,76297124
2,HD,6/24/11,$34.29 ,$35.69 ,$34.28 ,$35.08 ,65416820
2,HPQ,4/1/11,$42.42 ,$42.83 ,$37.60 ,$40.98 ,90069975
2,HPQ,4/8/11,$40.65 ,$41.80 ,$40.20 ,$40.70 ,87672936
2,HPQ,4/15/11,$40.71 ,$41.55 ,$40.12 ,$40.26 ,70321527
2,HPQ,4/21/11,$39.96 ,$41.19 ,$39.16 ,$40.99 ,46244533
2,HPQ,4/29/11,$41.06 ,$41.30 ,$39.99 ,$40.37 ,82362537
2,HPQ,5/6/11,$40.69 ,$41.52 ,$39.80 ,$40.81 ,70249698
2,HPQ,5/13/11,$40.79 ,$41.74 ,$40.22 ,$40.41 ,63498759
2,HPQ,5/20/11,$40.20 ,$40.34 ,$35.91 ,$35.98 ,217523955
2,HPQ,5/27/11,$35.58 ,$36.96 ,$35.44 ,$36.96 ,106507716
2,HPQ,6/3/11,$37.28 ,$37.52 ,$36.00 ,$36.11 ,79313559
2,HPQ,6/10/11,$35.99 ,$36.24 ,$35.14 ,$35.25 ,74301015
2,HPQ,6/17/11,$35.13 ,$35.32 ,$33.95 ,$35.00 ,134346312
2,HPQ,6/24/11,$34.79 ,$35.65 ,$34.55 ,$34.90 ,102774442
2,IBM,4/1/11,$161.54 ,$164.42 ,$161.12 ,$164.27 ,19081936
2,IBM,4/8/11,$164.42 ,$164.75 ,$163.16 ,$164.05 ,17615408
2,IBM,4/15/11,$163.44 ,$166.34 ,$162.30 ,$166.21 ,22183383
2,IBM,4/21/11,$164.64 ,$168.28 ,$162.19 ,$168.28 ,23662621
2,IBM,4/29/11,$167.65 ,$173.00 ,$167.23 ,$170.58 ,26829625
2,IBM,5/6/11,$172.11 ,$173.54 ,$167.50 ,$168.89 ,29480567
2,IBM,5/13/11,$168.39 ,$172.77 ,$167.82 ,$169.92 ,23505533
2,IBM,5/20/11,$169.81 ,$171.41 ,$166.53 ,$170.16 ,26027660
2,IBM,5/27/11,$168.50 ,$168.60 ,$165.90 ,$167.50 ,19453763
2,IBM,6/3/11,$168.44 ,$169.89 ,$164.13 ,$165.05 ,23349972
2,IBM,6/10/11,$164.76 ,$165.96 ,$162.87 ,$163.18 ,20646079
2,IBM,6/17/11,$164.44 ,$165.10 ,$161.52 ,$164.44 ,29390025
2,IBM,6/24/11,$163.70 ,$166.81 ,$163.59 ,$165.07 ,22984546
2,INTC,4/1/11,$20.44 ,$20.66 ,$19.56 ,$19.72 ,321390635
2,INTC,4/8/11,$19.79 ,$20.20 ,$19.36 ,$20.02 ,286343950
2,INTC,4/15/11,$20.07 ,$20.20 ,$19.41 ,$19.75 ,231298341
2,INTC,4/21/11,$19.53 ,$21.46 ,$19.45 ,$21.46 ,302470339
2,INTC,4/29/11,$21.37 ,$23.19 ,$21.33 ,$23.15 ,466579710
2,INTC,5/6/11,$23.02 ,$23.86 ,$22.67 ,$23.25 ,513891027
2,INTC,5/13/11,$23.13 ,$23.83 ,$22.65 ,$23.41 ,344755154
2,INTC,5/20/11,$23.32 ,$23.96 ,$23.08 ,$23.22 ,387571150
2,INTC,5/27/11,$22.92 ,$23.03 ,$22.21 ,$22.21 ,210446967
2,INTC,6/3/11,$22.45 ,$22.64 ,$21.67 ,$21.73 ,222978209
2,INTC,6/10/11,$21.80 ,$22.44 ,$21.26 ,$21.38 ,249719951
2,INTC,6/17/11,$21.43 ,$26.78 ,$21.07 ,$21.19 ,294273143
2,INTC,6/24/11,$21.19 ,$21.74 ,$21.06 ,$21.20 ,309031457
2,JNJ,4/1/11,$58.98 ,$59.73 ,$58.93 ,$59.49 ,48029143
2,JNJ,4/8/11,$59.50 ,$60.18 ,$59.25 ,$59.46 ,47141409
2,JNJ,4/15/11,$59.54 ,$60.95 ,$59.49 ,$60.56 ,58631682
2,JNJ,4/21/11,$60.45 ,$64.54 ,$60.10 ,$64.07 ,72888066
2,JNJ,4/29/11,$63.65 ,$65.98 ,$63.40 ,$65.72 ,70745990
2,JNJ,5/6/11,$65.92 ,$66.46 ,$64.80 ,$65.27 ,68840083
2,JNJ,5/13/11,$65.11 ,$67.37 ,$65.07 ,$66.62 ,66040498
2,JNJ,5/20/11,$66.41 ,$66.79 ,$65.28 ,$65.69 ,53385097
2,JNJ,5/27/11,$65.19 ,$66.77 ,$65.08 ,$66.77 ,49866786
2,JNJ,6/3/11,$67.31 ,$67.34 ,$65.80 ,$66.09 ,47426009
2,JNJ,6/10/11,$65.87 ,$67.28 ,$65.18 ,$66.09 ,52231924
2,JNJ,6/17/11,$66.32 ,$67.36 ,$65.47 ,$66.29 ,58201928
2,JNJ,6/24/11,$66.08 ,$66.75 ,$64.69 ,$65.06 ,56535090
2,JPM,4/1/11,$46.10 ,$46.88 ,$45.51 ,$46.35 ,112702290
2,JPM,4/8/11,$46.12 ,$47.80 ,$46.05 ,$46.84 ,121937602
2,JPM,4/15/11,$47.00 ,$47.37 ,$44.83 ,$44.89 ,186017520
2,JPM,4/21/11,$44.27 ,$44.97 ,$43.53 ,$44.68 ,113261188
2,JPM,4/29/11,$44.65 ,$46.02 ,$44.38 ,$45.63 ,107332185
2,JPM,5/6/11,$45.94 ,$46.07 ,$44.76 ,$45.04 ,131213937
2,JPM,5/13/11,$44.75 ,$45.50 ,$42.98 ,$43.15 ,137013704
2,JPM,5/20/11,$42.97 ,$44.35 ,$42.65 ,$43.13 ,145114846
2,JPM,5/27/11,$42.40 ,$42.92 ,$41.69 ,$42.79 ,119828886
2,JPM,6/3/11,$43.24 ,$43.38 ,$40.83 ,$41.57 ,145187926
2,JPM,6/10/11,$41.10 ,$41.50 ,$40.10 ,$41.05 ,194764785
2,JPM,6/17/11,$41.29 ,$42.44 ,$39.70 ,$40.80 ,183560880
2,JPM,6/24/11,$40.50 ,$41.53 ,$39.44 ,$39.49 ,167589521
2,KRFT,4/1/11,$31.35 ,$31.70 ,$31.06 ,$31.61 ,38759730
2,KRFT,4/8/11,$31.71 ,$31.88 ,$31.35 ,$31.67 ,34314135
2,KRFT,4/15/11,$31.73 ,$33.54 ,$31.69 ,$33.36 ,71530535
2,KRFT,4/21/11,$32.72 ,$33.67 ,$32.70 ,$33.38 ,33399240
2,KRFT,4/29/11,$33.45 ,$33.90 ,$33.00 ,$33.59 ,42547809
2,KRFT,5/6/11,$33.60 ,$34.49 ,$33.22 ,$34.08 ,58969733
2,KRFT,5/13/11,$33.81 ,$35.10 ,$33.80 ,$34.89 ,47572999
2,KRFT,5/20/11,$34.84 ,$35.44 ,$34.48 ,$35.23 ,48017488
2,KRFT,5/27/11,$34.97 ,$35.06 ,$34.28 ,$34.75 ,31660711
2,KRFT,6/3/11,$34.79 ,$35.00 ,$34.05 ,$34.10 ,38915498
2,KRFT,6/10/11,$34.07 ,$34.39 ,$24.30 ,$33.79 ,43535139
2,KRFT,6/17/11,$33.92 ,$34.72 ,$33.76 ,$34.48 ,44641104
2,KRFT,6/24/11,$34.39 ,$34.98 ,$33.87 ,$34.60 ,39770714
2,KO,4/1/11,$65.20 ,$67.48 ,$65.03 ,$67.22 ,39265955
2,KO,4/8/11,$67.22 ,$67.82 ,$66.86 ,$67.27 ,32024467
2,KO,4/15/11,$67.25 ,$68.47 ,$66.41 ,$68.01 ,40595470
2,KO,4/21/11,$67.57 ,$68.05 ,$66.64 ,$67.88 ,19831270
2,KO,4/29/11,$67.95 ,$67.98 ,$65.81 ,$67.46 ,44603365
2,KO,5/6/11,$67.76 ,$67.93 ,$66.40 ,$66.90 ,33947562
2,KO,5/13/11,$66.86 ,$68.77 ,$66.83 ,$68.18 ,32166394
2,KO,5/20/11,$68.10 ,$68.70 ,$67.50 ,$68.30 ,32520067
2,KO,5/27/11,$67.59 ,$67.90 ,$66.30 ,$66.51 ,26066805
2,KO,6/3/11,$66.94 ,$67.24 ,$65.21 ,$65.53 ,31192400
2,KO,6/10/11,$65.51 ,$68.05 ,$65.07 ,$65.39 ,30422351
2,KO,6/17/11,$65.10 ,$66.23 ,$64.64 ,$65.62 ,43194922
2,KO,6/24/11,$65.37 ,$66.82 ,$64.43 ,$64.93 ,49806614
2,MCD,4/1/11,$75.55 ,$76.50 ,$74.87 ,$75.99 ,17977737
2,MCD,4/8/11,$76.31 ,$76.91 ,$75.66 ,$76.04 ,22337802
2,MCD,4/15/11,$76.15 ,$77.54 ,$75.83 ,$77.38 ,21670715
2,MCD,4/21/11,$76.89 ,$78.41 ,$76.40 ,$76.91 ,17718174
2,MCD,4/29/11,$77.15 ,$78.59 ,$76.54 ,$78.31 ,22923015
2,MCD,5/6/11,$78.40 ,$79.37 ,$78.20 ,$78.70 ,26460318
2,MCD,5/13/11,$79.46 ,$80.91 ,$79.08 ,$80.74 ,26573357
2,MCD,5/20/11,$80.44 ,$82.85 ,$80.44 ,$82.33 ,27816875
2,MCD,5/27/11,$81.53 ,$83.08 ,$81.49 ,$81.62 ,26628471
2,MCD,6/3/11,$82.13 ,$82.25 ,$80.01 ,$80.54 ,23382621
2,MCD,6/10/11,$80.60 ,$82.23 ,$80.00 ,$80.36 ,31264251
2,MCD,6/17/11,$80.43 ,$82.72 ,$80.39 ,$82.52 ,27515629
2,MCD,6/24/11,$82.32 ,$83.09 ,$81.40 ,$81.84 ,28303321
2,MMM,4/1/11,$92.42 ,$94.33 ,$91.90 ,$93.13 ,14958061
2,MMM,4/8/11,$92.68 ,$94.10 ,$92.60 ,$93.22 ,12672220
2,MMM,4/15/11,$93.59 ,$94.64 ,$91.75 ,$92.82 ,15375510
2,MMM,4/21/11,$91.94 ,$94.42 ,$90.58 ,$93.92 ,9718851
2,MMM,4/29/11,$93.91 ,$97.50 ,$93.27 ,$97.21 ,20655611
2,MMM,5/6/11,$97.58 ,$97.95 ,$94.40 ,$95.60 ,17031494
2,MMM,5/13/11,$95.30 ,$97.18 ,$94.44 ,$96.01 ,15657591
2,MMM,5/20/11,$95.54 ,$96.23 ,$92.75 ,$93.56 ,16596686
2,MMM,5/27/11,$92.29 ,$93.47 ,$91.38 ,$93.47 ,11695384
2,MMM,6/3/11,$94.05 ,$94.68 ,$90.19 ,$90.70 ,12491882
2,MMM,6/10/11,$90.38 ,$92.43 ,$90.24 ,$90.73 ,14734714
2,MMM,6/17/11,$91.14 ,$92.99 ,$90.58 ,$91.78 ,15549946
2,MMM,6/24/11,$91.42 ,$93.92 ,$90.68 ,$90.89 ,15126028
2,MRK,4/1/11,$32.54 ,$33.48 ,$32.39 ,$33.07 ,60348951
2,MRK,4/8/11,$33.34 ,$33.70 ,$33.01 ,$33.67 ,64799122
2,MRK,4/15/11,$33.68 ,$34.97 ,$33.27 ,$34.51 ,85533686
2,MRK,4/21/11,$34.20 ,$34.29 ,$33.51 ,$34.04 ,47226349
2,MRK,4/29/11,$33.70 ,$36.25 ,$33.63 ,$35.95 ,83960030
2,MRK,5/6/11,$36.44 ,$36.75 ,$35.95 ,$36.39 ,82810421
2,MRK,5/13/11,$36.11 ,$37.30 ,$36.10 ,$37.08 ,59693542
2,MRK,5/20/11,$37.06 ,$37.65 ,$36.69 ,$37.06 ,74833386
2,MRK,5/27/11,$36.67 ,$37.04 ,$36.10 ,$36.21 ,52416661
2,MRK,6/3/11,$36.39 ,$36.76 ,$35.76 ,$35.82 ,46564832
2,MRK,6/10/11,$35.70 ,$36.38 ,$35.36 ,$35.45 ,57259558
2,MRK,6/17/11,$35.03 ,$35.88 ,$34.99 ,$35.39 ,57933495
2,MRK,6/24/11,$35.29 ,$35.97 ,$34.50 ,$34.55 ,63163236
2,MSFT,4/1/11,$25.66 ,$25.72 ,$25.30 ,$25.48 ,258143967
2,MSFT,4/8/11,$25.45 ,$26.31 ,$25.41 ,$26.07 ,260749872
2,MSFT,4/15/11,$26.19 ,$26.25 ,$25.09 ,$25.37 ,229693684
2,MSFT,4/21/11,$25.10 ,$26.00 ,$24.72 ,$25.52 ,158547201
2,MSFT,4/29/11,$25.56 ,$26.87 ,$25.34 ,$25.92 ,554889924
2,MSFT,5/6/11,$25.94 ,$26.25 ,$25.48 ,$25.87 ,346656165
2,MSFT,5/13/11,$25.80 ,$25.96 ,$24.95 ,$25.03 ,382293426
2,MSFT,5/20/11,$24.96 ,$25.07 ,$24.25 ,$24.49 ,311462943
2,MSFT,5/27/11,$24.21 ,$25.03 ,$24.03 ,$24.76 ,213316051
2,MSFT,6/3/11,$24.96 ,$25.10 ,$23.84 ,$23.90 ,246418070
2,MSFT,6/10/11,$23.90 ,$24.25 ,$23.69 ,$23.70 ,230307366
2,MSFT,6/17/11,$23.79 ,$29.05 ,$23.65 ,$24.26 ,280430166
2,MSFT,6/24/11,$24.17 ,$24.86 ,$24.16 ,$24.30 ,309206180
2,PFE,4/1/11,$20.42 ,$20.57 ,$20.11 ,$20.38 ,170424399
2,PFE,4/8/11,$20.55 ,$20.61 ,$20.15 ,$20.46 ,199157969
2,PFE,4/15/11,$20.55 ,$20.75 ,$20.33 ,$20.53 ,209481824
2,PFE,4/21/11,$20.32 ,$20.88 ,$19.79 ,$19.79 ,143338656
2,PFE,4/29/11,$19.95 ,$21.06 ,$19.90 ,$20.97 ,205782608
2,PFE,5/6/11,$21.14 ,$21.20 ,$20.07 ,$20.55 ,273973053
2,PFE,5/13/11,$20.53 ,$20.99 ,$20.45 ,$20.92 ,180162306
2,PFE,5/20/11,$20.84 ,$21.28 ,$20.68 ,$20.69 ,249113161
2,PFE,5/27/11,$20.49 ,$20.98 ,$20.35 ,$20.93 ,162550095
2,PFE,6/3/11,$21.00 ,$21.45 ,$20.66 ,$20.84 ,169014117
2,PFE,6/10/11,$20.82 ,$20.97 ,$20.04 ,$20.11 ,196181321
2,PFE,6/17/11,$20.08 ,$20.73 ,$20.03 ,$20.26 ,229372501
2,PFE,6/24/11,$20.09 ,$20.96 ,$20.08 ,$20.08 ,259247639
2,PG,4/1/11,$61.08 ,$62.30 ,$60.61 ,$62.08 ,43453701
2,PG,4/8/11,$62.17 ,$62.33 ,$61.47 ,$61.90 ,38792072
2,PG,4/15/11,$62.02 ,$64.21 ,$61.90 ,$64.18 ,51918017
2,PG,4/21/11,$63.67 ,$64.34 ,$63.27 ,$63.27 ,29487333
2,PG,4/29/11,$63.08 ,$65.10 ,$62.60 ,$64.90 ,53544624
2,PG,5/6/11,$65.24 ,$66.50 ,$64.90 ,$65.27 ,55046479
2,PG,5/13/11,$64.93 ,$67.31 ,$64.86 ,$66.86 ,49677302
2,PG,5/20/11,$66.66 ,$67.72 ,$66.51 ,$67.36 ,47738539
2,PG,5/27/11,$66.80 ,$67.20 ,$65.70 ,$66.20 ,37114265
2,PG,6/3/11,$66.33 ,$67.00 ,$56.57 ,$65.43 ,37312488
2,PG,6/10/11,$65.36 ,$65.64 ,$64.65 ,$64.70 ,48599369
2,PG,6/17/11,$64.65 ,$65.22 ,$63.33 ,$64.69 ,46861128
2,PG,6/24/11,$64.51 ,$65.29 ,$62.44 ,$62.59 ,53025186
2,T,4/1/11,$29.02 ,$30.97 ,$28.90 ,$30.62 ,384284485
2,T,4/8/11,$30.74 ,$31.00 ,$29.99 ,$30.71 ,148206324
2,T,4/15/11,$30.75 ,$30.84 ,$30.01 ,$30.65 ,108080405
2,T,4/21/11,$30.42 ,$30.68 ,$29.91 ,$30.68 ,76563904
2,T,4/29/11,$30.67 ,$31.82 ,$30.43 ,$31.12 ,112339712
2,T,5/6/11,$31.60 ,$31.94 ,$31.03 ,$31.26 ,156030184
2,T,5/13/11,$31.20 ,$31.79 ,$31.05 ,$31.41 ,92523592
2,T,5/20/11,$31.32 ,$31.77 ,$30.90 ,$31.32 ,102539987
2,T,5/27/11,$31.00 ,$31.30 ,$30.92 ,$31.29 ,73854767
2,T,6/3/11,$31.48 ,$31.65 ,$30.52 ,$30.65 ,85085937
2,T,6/10/11,$30.55 ,$30.61 ,$30.11 ,$30.34 ,95255686
2,T,6/17/11,$30.28 ,$30.95 ,$30.17 ,$30.77 ,114504788
2,T,6/24/11,$30.66 ,$31.33 ,$30.29 ,$30.44 ,116043866
2,TRV,4/1/11,$59.09 ,$60.01 ,$58.37 ,$59.71 ,16608737
2,TRV,4/8/11,$59.83 ,$60.00 ,$59.11 ,$59.58 ,12307164
2,TRV,4/15/11,$59.85 ,$60.85 ,$59.00 ,$59.80 ,15459751
2,TRV,4/21/11,$59.32 ,$61.32 ,$58.07 ,$61.32 ,10135730
2,TRV,4/29/11,$61.32 ,$63.37 ,$60.91 ,$63.28 ,16046782
2,TRV,5/6/11,$63.56 ,$64.17 ,$62.85 ,$63.43 ,14335889
2,TRV,5/13/11,$63.23 ,$64.09 ,$62.18 ,$62.33 ,14388418
2,TRV,5/20/11,$62.52 ,$63.11 ,$62.13 ,$62.25 ,11795580
2,TRV,5/27/11,$61.74 ,$62.00 ,$60.36 ,$61.52 ,12344531
2,TRV,6/3/11,$61.95 ,$62.25 ,$60.59 ,$61.18 ,13535632
2,TRV,6/10/11,$61.35 ,$61.68 ,$58.71 ,$59.21 ,18091902
2,TRV,6/17/11,$59.12 ,$59.32 ,$57.36 ,$57.92 ,20647583
2,TRV,6/24/11,$57.57 ,$58.28 ,$56.12 ,$56.68 ,20959450
2,UTX,4/1/11,$83.75 ,$85.95 ,$83.26 ,$85.32 ,16314122
2,UTX,4/8/11,$85.66 ,$86.00 ,$84.18 ,$84.81 ,11690792
2,UTX,4/15/11,$85.00 ,$85.56 ,$82.70 ,$83.45 ,17017620
2,UTX,4/21/11,$82.60 ,$87.10 ,$81.10 ,$87.10 ,16859647
2,UTX,4/29/11,$87.00 ,$89.80 ,$86.29 ,$89.58 ,20800024
2,UTX,5/6/11,$90.03 ,$90.67 ,$85.80 ,$89.21 ,21797524
2,UTX,5/13/11,$88.88 ,$90.18 ,$88.35 ,$88.98 ,17420630
2,UTX,5/20/11,$88.46 ,$89.25 ,$86.65 ,$87.50 ,22021867
2,UTX,5/27/11,$86.41 ,$86.72 ,$85.21 ,$86.33 ,15097865
2,UTX,6/3/11,$87.00 ,$87.79 ,$82.43 ,$83.24 ,21179642
2,UTX,6/10/11,$82.93 ,$84.52 ,$82.60 ,$82.70 ,20109892
2,UTX,6/17/11,$82.92 ,$85.26 ,$82.52 ,$84.57 ,22074891
2,UTX,6/24/11,$84.36 ,$86.21 ,$83.69 ,$84.33 ,20775217
2,VZ,4/1/11,$37.44 ,$38.95 ,$37.42 ,$38.47 ,96766651
2,VZ,4/8/11,$38.53 ,$38.70 ,$37.26 ,$37.72 ,62429599
2,VZ,4/15/11,$37.75 ,$38.00 ,$37.34 ,$37.85 ,55355691
2,VZ,4/21/11,$37.60 ,$38.00 ,$36.91 ,$36.91 ,37735134
2,VZ,4/29/11,$37.07 ,$38.42 ,$36.82 ,$37.78 ,68330713
2,VZ,5/6/11,$38.33 ,$38.33 ,$36.90 ,$37.28 ,84281362
2,VZ,5/13/11,$37.28 ,$37.68 ,$36.95 ,$37.26 ,50917728
2,VZ,5/20/11,$37.26 ,$37.41 ,$36.80 ,$37.15 ,53263954
2,VZ,5/27/11,$36.75 ,$37.03 ,$36.24 ,$36.67 ,43400125
2,VZ,6/3/11,$36.91 ,$36.99 ,$35.60 ,$35.63 ,50174214
2,VZ,6/10/11,$35.57 ,$36.14 ,$35.16 ,$35.19 ,72100710
2,VZ,6/17/11,$35.23 ,$35.92 ,$34.94 ,$35.51 ,69585912
2,VZ,6/24/11,$35.35 ,$36.17 ,$35.20 ,$36.00 ,82375230
2,WMT,4/1/11,$52.31 ,$52.74 ,$51.89 ,$52.13 ,44519431
2,WMT,4/8/11,$52.31 ,$53.24 ,$52.06 ,$52.54 ,48382262
2,WMT,4/15/11,$52.54 ,$53.96 ,$52.40 ,$53.55 ,45662991
2,WMT,4/21/11,$53.08 ,$53.95 ,$52.91 ,$53.58 ,23073491
2,WMT,4/29/11,$53.60 ,$55.16 ,$53.23 ,$54.98 ,47159044
2,WMT,5/6/11,$55.08 ,$55.79 ,$53.20 ,$55.02 ,46668727
2,WMT,5/13/11,$54.97 ,$56.03 ,$54.70 ,$55.72 ,42649301
2,WMT,5/20/11,$55.61 ,$56.47 ,$54.95 ,$55.29 ,56695842
2,WMT,5/27/11,$54.90 ,$55.50 ,$54.10 ,$54.70 ,35560853
2,WMT,6/3/11,$54.88 ,$55.22 ,$53.04 ,$53.66 ,48156051
2,WMT,6/10/11,$53.86 ,$54.30 ,$52.69 ,$52.72 ,58746396
2,WMT,6/17/11,$52.91 ,$53.29 ,$51.79 ,$52.82 ,68996550
2,WMT,6/24/11,$52.70 ,$53.70 ,$52.35 ,$52.41 ,75602550
2,XOM,4/1/11,$83.86 ,$84.94 ,$82.61 ,$84.68 ,77569311
2,XOM,4/8/11,$84.26 ,$86.22 ,$84.07 ,$85.95 ,75566590
2,XOM,4/15/11,$85.95 ,$86.15 ,$82.38 ,$84.29 ,81056144
2,XOM,4/21/11,$83.11 ,$86.36 ,$82.44 ,$86.36 ,43378708
2,XOM,4/29/11,$86.29 ,$88.00 ,$85.89 ,$87.98 ,81596868
2,XOM,5/6/11,$88.10 ,$88.13 ,$81.59 ,$82.69 ,113805856
2,XOM,5/13/11,$83.01 ,$83.76 ,$79.42 ,$80.87 ,99678100
2,XOM,5/20/11,$80.22 ,$82.58 ,$79.60 ,$81.57 ,86758820
2,XOM,5/27/11,$80.22 ,$82.63 ,$80.07 ,$82.63 ,68230855
2,XOM,6/3/11,$83.28 ,$83.75 ,$80.18 ,$81.18 ,78616295
2,XOM,6/10/11,$80.93 ,$81.87 ,$79.72 ,$79.78 ,92380844
2,XOM,6/17/11,$80.00 ,$80.82 ,$78.33 ,$79.02 ,100521400
2,XOM,6/24/11,$78.65 ,$81.12 ,$76.78 ,$76.78 ,118679791