start,IATA,PNRs
1/3/19,YYZ,2991
1/3/19,CLE,1381
1/3/19,CMH,1435
1/3/19,PEK,1071
1/3/19,SFO,3988
1/3/19,AUS,2225
1/3/19,SJC,3906
1/3/19,DEN,2233
1/3/19,DFW,6852
1/3/19,MEX,1232
1/3/19,MAD,739
1/3/19,SHA,2508
1/3/19,WAS,4744
1/3/19,BOS,4469
1/3/19,RDU,2187
1/3/19,CPH,1310
1/3/19,LAX,3069
1/3/19,SNA,1838
1/3/19,PIT,1610
1/3/19,PHL,3621
1/3/19,ATL,4885
1/3/19,MIA,1288
1/3/19,SEA,3406
1/3/19,FRA,1121
1/3/19,MSP,2343
1/3/19,PDX,1605
1/3/19,SAT,1553
1/3/19,BNA,1640
1/3/19,PAR,6940
1/3/19,CLT,3062
1/3/19,EWR,5463
1/3/19,LON,7331
1/3/19,NYC,8914
1/3/19,STL,1462
1/3/19,SAN,1538
1/3/19,DTW,2589
1/3/19,CHI,6418
1/3/19,MUC,1657
1/3/19,AMS,1389
1/3/19,IND,1420
1/3/19,YUL,999
1/3/19,PHX,2859
1/3/19,SYD,621
1/3/19,MIL,1092
1/3/19,HOU,3927
1/3/19,STO,1087
1/3/19,SIN,1236
1/3/19,MCO,1727
1/3/19,LAS,3775
1/3/19,TLS,1217
1/10/19,PAR,10895
1/10/19,CPH,1610
1/10/19,PEK,1480
1/10/19,ATL,6460
1/10/19,DEN,2739
1/10/19,SIN,1939
1/10/19,MUC,2326
1/10/19,AUS,3144
1/10/19,SAT,2117
1/10/19,FRA,2396
1/10/19,EWR,7192
1/10/19,LAS,1516
1/10/19,PHX,4187
1/10/19,TLS,2143
1/10/19,MAD,1379
1/10/19,MSP,3029
1/10/19,MEX,2119
1/10/19,MIA,2442
1/10/19,DTW,4303
1/10/19,STO,1866
1/10/19,RDU,2400
1/10/19,PDX,2046
1/10/19,CHI,8508
1/10/19,STL,1905
1/10/19,SYD,1232
1/10/19,BNA,2204
1/10/19,CLE,1559
1/10/19,CLT,3809
1/10/19,SFO,5746
1/10/19,SJC,5224
1/10/19,PIT,1818
1/10/19,SAN,2075
1/10/19,LON,9373
1/10/19,HOU,5124
1/10/19,SNA,2277
1/10/19,YUL,1698
1/10/19,YYZ,3728
1/10/19,CMH,1772
1/10/19,SHA,3896
1/10/19,MIL,2056
1/10/19,IND,1795
1/10/19,MCO,2694
1/10/19,AMS,2085
1/10/19,LAX,4157
1/10/19,BOS,6256
1/10/19,NYC,15895
1/10/19,PHL,4261
1/10/19,WAS,6063
1/10/19,DFW,8314
1/10/19,SEA,4648
1/17/19,YUL,1885
1/17/19,CHI,8515
1/17/19,RDU,2391
1/17/19,AMS,2184
1/17/19,IND,1826
1/17/19,EWR,6746
1/17/19,MSP,2891
1/17/19,HOU,5351
1/17/19,PDX,1952
1/17/19,DFW,7935
1/17/19,BNA,2132
1/17/19,STL,1976
1/17/19,PHL,4124
1/17/19,SJC,4226
1/17/19,LAX,3637
1/17/19,MIA,1856
1/17/19,MIL,1833
1/17/19,CMH,1632
1/17/19,DTW,3506
1/17/19,PHX,4497
1/17/19,SFO,4967
1/17/19,SAN,2153
1/17/19,AUS,2716
1/17/19,MEX,2642
1/17/19,SYD,1621
1/17/19,CPH,1765
1/17/19,MCO,2212
1/17/19,ATL,6162
1/17/19,SIN,2120
1/17/19,CLT,3456
1/17/19,FRA,2548
1/17/19,MAD,1424
1/17/19,LAS,1374
1/17/19,STO,2091
1/17/19,SEA,4407
1/17/19,TLS,2060
1/17/19,PEK,1579
1/17/19,NYC,11324
1/17/19,DEN,3076
1/17/19,LON,9756
1/17/19,PAR,11286
1/17/19,MUC,3351
1/17/19,CLE,1566
1/17/19,SAT,2082
1/17/19,YYZ,4204
1/17/19,WAS,5270
1/17/19,SHA,4035
1/17/19,BOS,6100
1/17/19,SNA,2018
1/17/19,PIT,1835
1/24/19,DEN,3257
1/24/19,SNA,2289
1/24/19,PAR,11962
1/24/19,DFW,8368
1/24/19,MEX,2380
1/24/19,IND,2004
1/24/19,LAS,1227
1/24/19,FRA,2582
1/24/19,RDU,2343
1/24/19,SJC,4511
1/24/19,LON,8970
1/24/19,EWR,6777
1/24/19,CMH,1745
1/24/19,YYZ,4012
1/24/19,CLT,3973
1/24/19,STO,2178
1/24/19,MUC,3258
1/24/19,SIN,2125
1/24/19,YUL,1713
1/24/19,NYC,13357
1/24/19,MCO,2161
1/24/19,ATL,6559
1/24/19,PHL,4550
1/24/19,PEK,977
1/24/19,AMS,2165
1/24/19,PHX,4223
1/24/19,PDX,1977
1/24/19,PIT,1952
1/24/19,SAT,2000
1/24/19,STL,2081
1/24/19,CPH,1928
1/24/19,HOU,5139
1/24/19,LAX,4344
1/24/19,SYD,1538
1/24/19,MIA,2462
1/24/19,BNA,2089
1/24/19,DTW,3681
1/24/19,BOS,6073
1/24/19,SEA,5259
1/24/19,SAN,2506
1/24/19,MSP,2937
1/24/19,MIL,1880
1/24/19,MAD,1716
1/24/19,SHA,2224
1/24/19,WAS,6285
1/24/19,CLE,1680
1/24/19,AUS,3056
1/24/19,TLS,2199
1/24/19,CHI,8948
1/24/19,SFO,6025
1/31/19,BNA,2310
1/31/19,CPH,1795
1/31/19,CHI,9163
1/31/19,MIA,1863
1/31/19,PHX,4258
1/31/19,MUC,3149
1/31/19,SFO,5900
1/31/19,HOU,5159
1/31/19,AUS,3023
1/31/19,SYD,1977
1/31/19,PEK,138
1/31/19,DTW,3399
1/31/19,MSP,2727
1/31/19,CLT,3523
1/31/19,YYZ,4087
1/31/19,SNA,2411
1/31/19,MAD,1697
1/31/19,MIL,2018
1/31/19,SAN,2051
1/31/19,TLS,2197
1/31/19,MEX,2008
1/31/19,FRA,2592
1/31/19,IND,1891
1/31/19,PDX,2116
1/31/19,SHA,266
1/31/19,EWR,6296
1/31/19,ATL,6571
1/31/19,LAS,1494
1/31/19,CMH,1706
1/31/19,NYC,12978
1/31/19,LON,9517
1/31/19,CLE,1577
1/31/19,PHL,4418
1/31/19,PIT,1920
1/31/19,SAT,2211
1/31/19,YUL,2001
1/31/19,WAS,6169
1/31/19,DFW,8700
1/31/19,STL,2185
1/31/19,SEA,5358
1/31/19,PAR,10803
1/31/19,DEN,3110
1/31/19,AMS,2423
1/31/19,RDU,2486
1/31/19,SIN,387
1/31/19,BOS,6084
1/31/19,SJC,4325
1/31/19,STO,2229
1/31/19,LAX,4032
1/31/19,MCO,2335
2/7/19,SIN,1834
2/7/19,MAD,1659
2/7/19,PEK,388
2/7/19,MUC,3351
2/7/19,AUS,2555
2/7/19,IND,2120
2/7/19,SYD,2532
2/7/19,AMS,2506
2/7/19,TLS,1745
2/7/19,SHA,924
2/7/19,DTW,3381
2/7/19,YUL,1749
2/7/19,LAX,4001
2/7/19,BOS,5875
2/7/19,LON,10155
2/7/19,SNA,2085
2/7/19,PHX,3688
2/7/19,PAR,9182
2/7/19,ATL,6043
2/7/19,MIA,2376
2/7/19,FRA,2714
2/7/19,STL,2075
2/7/19,MIL,1946
2/7/19,SFO,11105
2/7/19,YYZ,4200
2/7/19,SEA,5086
2/7/19,PHL,4467
2/7/19,BNA,2100
2/7/19,CLE,1572
2/7/19,MEX,2453
2/7/19,SAT,2291
2/7/19,CLT,3600
2/7/19,NYC,12437
2/7/19,MCO,3544
2/7/19,LAS,1532
2/7/19,DFW,8129
2/7/19,STO,1951
2/7/19,SJC,5743
2/7/19,RDU,2511
2/7/19,CHI,8590
2/7/19,CMH,1884
2/7/19,DEN,3352
2/7/19,MSP,2977
2/7/19,PDX,2138
2/7/19,SAN,2608
2/7/19,PIT,1826
2/7/19,CPH,1087
2/7/19,WAS,5917
2/7/19,EWR,6680
2/7/19,HOU,5236
2/14/19,SYD,2494
2/14/19,SEA,3835
2/14/19,SHA,2828
2/14/19,MCO,2340
2/14/19,MSP,3095
2/14/19,MUC,3397
2/14/19,HOU,5144
2/14/19,STO,1703
2/14/19,BNA,2327
2/14/19,SAN,2083
2/14/19,MEX,2696
2/14/19,SIN,2339
2/14/19,NYC,9686
2/14/19,LAS,1627
2/14/19,LON,8366
2/14/19,PEK,1249
2/14/19,STL,2034
2/14/19,YYZ,3363
2/14/19,DFW,7860
2/14/19,DTW,3420
2/14/19,CPH,1562
2/14/19,PAR,8306
2/14/19,PHL,4150
2/14/19,MAD,1575
2/14/19,PHX,3930
2/14/19,RDU,2557
2/14/19,PDX,1962
2/14/19,PIT,1933
2/14/19,DEN,3087
2/14/19,MIL,2182
2/14/19,IND,2002
2/14/19,AMS,2225
2/14/19,TLS,1993
2/14/19,CLE,1687
2/14/19,CLT,3845
2/14/19,WAS,5435
2/14/19,EWR,5933
2/14/19,ATL,6180
2/14/19,YUL,1678
2/14/19,MIA,2304
2/14/19,SFO,4987
2/14/19,SAT,2416
2/14/19,CMH,1780
2/14/19,FRA,2588
2/14/19,LAX,3634
2/14/19,BOS,4348
2/14/19,AUS,2945
2/14/19,SJC,4379
2/14/19,CHI,8541
2/14/19,SNA,2043
2/21/19,CLE,1803
2/21/19,PDX,2477
2/21/19,EWR,6483
2/21/19,DFW,8818
2/21/19,SAN,2461
2/21/19,MEX,2781
2/21/19,LAS,2738
2/21/19,SHA,3854
2/21/19,TLS,1382
2/21/19,PEK,1518
2/21/19,MIA,2341
2/21/19,SNA,2418
2/21/19,LON,11597
2/21/19,ATL,6725
2/21/19,HOU,5800
2/21/19,RDU,2561
2/21/19,SIN,2629
2/21/19,SEA,5300
2/21/19,MUC,3482
2/21/19,CLT,4273
2/21/19,CHI,9377
2/21/19,MIL,2140
2/21/19,DEN,3451
2/21/19,DTW,3299
2/21/19,PHX,4769
2/21/19,AUS,3223
2/21/19,SYD,2457
2/21/19,MCO,2128
2/21/19,WAS,6918
2/21/19,PHL,4757
2/21/19,FRA,2784
2/21/19,YYZ,4874
2/21/19,SJC,5282
2/21/19,MAD,1715
2/21/19,YUL,2009
2/21/19,CMH,1852
2/21/19,PAR,7159
2/21/19,SFO,6864
2/21/19,BNA,2569
2/21/19,SAT,2438
2/21/19,STO,1240
2/21/19,LAX,4472
2/21/19,PIT,1984
2/21/19,IND,2049
2/21/19,STL,2308
2/21/19,CPH,1744
2/21/19,NYC,13043
2/21/19,MSP,3269
2/21/19,AMS,2262
2/21/19,BOS,6803
2/28/19,PHX,4028
2/28/19,WAS,6641
2/28/19,MCO,2090
2/28/19,SAT,2646
2/28/19,BNA,2413
2/28/19,HOU,5573
2/28/19,CHI,9270
2/28/19,CLE,1586
2/28/19,CMH,1815
2/28/19,ATL,6337
2/28/19,SIN,2225
2/28/19,DTW,3343
2/28/19,SFO,6244
2/28/19,PAR,6831
2/28/19,SEA,4869
2/28/19,DFW,8928
2/28/19,MSP,3207
2/28/19,PDX,2442
2/28/19,YYZ,3959
2/28/19,MIL,2083
2/28/19,DEN,3234
2/28/19,CPH,1897
2/28/19,MIA,2052
2/28/19,TLS,1201
2/28/19,LAS,1837
2/28/19,CLT,3810
2/28/19,MUC,2409
2/28/19,LAX,4339
2/28/19,STL,2187
2/28/19,IND,2167
2/28/19,FRA,2504
2/28/19,NYC,13131
2/28/19,MEX,2374
2/28/19,PEK,1446
2/28/19,STO,2116
2/28/19,LON,11282
2/28/19,PHL,4476
2/28/19,EWR,6172
2/28/19,SHA,3555
2/28/19,SNA,2553
2/28/19,YUL,1209
2/28/19,SYD,2743
2/28/19,PIT,1863
2/28/19,AUS,3512
2/28/19,AMS,2481
2/28/19,RDU,2317
2/28/19,SJC,4940
2/28/19,MAD,1588
2/28/19,SAN,2566
2/28/19,BOS,6674
3/7/19,EWR,6245
3/7/19,YUL,1643
3/7/19,ATL,6551
3/7/19,PIT,2027
3/7/19,NYC,13521
3/7/19,TLS,2018
3/7/19,CLE,1665
3/7/19,SJC,5529
3/7/19,AMS,2733
3/7/19,LAX,3963
3/7/19,CMH,2051
3/7/19,SNA,2614
3/7/19,WAS,6735
3/7/19,BNA,2426
3/7/19,LAS,1643
3/7/19,RDU,2453
3/7/19,LON,11848
3/7/19,PHL,4501
3/7/19,DEN,3576
3/7/19,MSP,3170
3/7/19,MCO,2082
3/7/19,PEK,1406
3/7/19,SEA,4819
3/7/19,CHI,9146
3/7/19,CPH,1924
3/7/19,PAR,11698
3/7/19,DTW,3365
3/7/19,BOS,6041
3/7/19,HOU,4625
3/7/19,SYD,2172
3/7/19,PDX,2419
3/7/19,FRA,2200
3/7/19,DFW,6712
3/7/19,YYZ,3084
3/7/19,SIN,2370
3/7/19,STO,2247
3/7/19,SFO,5707
3/7/19,STL,2352
3/7/19,MIL,2259
3/7/19,SAN,2454
3/7/19,CLT,4066
3/7/19,MIA,2138
3/7/19,IND,2047
3/7/19,PHX,4296
3/7/19,SHA,3720
3/7/19,MAD,1913
3/7/19,AUS,3173
3/7/19,MUC,3281
3/7/19,SAT,1867
3/7/19,MEX,2719
3/14/19,PDX,2466
3/14/19,CLT,3800
3/14/19,MAD,1909
3/14/19,FRA,3135
3/14/19,PEK,1454
3/14/19,SFO,5352
3/14/19,CLE,1744
3/14/19,MIL,2075
3/14/19,STO,2287
3/14/19,AMS,2802
3/14/19,CHI,9401
3/14/19,DTW,3646
3/14/19,MCO,3166
3/14/19,BNA,2309
3/14/19,YYZ,3833
3/14/19,AUS,2396
3/14/19,CPH,1857
3/14/19,HOU,5107
3/14/19,STL,1954
3/14/19,EWR,6096
3/14/19,IND,2123
3/14/19,DEN,3067
3/14/19,SIN,1984
3/14/19,MUC,3334
3/14/19,ATL,6313
3/14/19,DFW,7832
3/14/19,SJC,4870
3/14/19,MSP,2895
3/14/19,SYD,2549
3/14/19,NYC,12575
3/14/19,WAS,6752
3/14/19,BOS,5890
3/14/19,MEX,2121
3/14/19,RDU,2480
3/14/19,LAX,3825
3/14/19,SAT,2600
3/14/19,MIA,2054
3/14/19,PHL,4560
3/14/19,LON,12011
3/14/19,PIT,2019
3/14/19,SEA,4631
3/14/19,SAN,2391
3/14/19,TLS,2479
3/14/19,SHA,3572
3/14/19,PHX,3830
3/14/19,SNA,2165
3/14/19,CMH,1885
3/14/19,YUL,1944
3/14/19,PAR,11477
3/14/19,LAS,1753
3/21/19,FRA,3142
3/21/19,CPH,1886
3/21/19,MIA,1911
3/21/19,SJC,4813
3/21/19,MEX,2410
3/21/19,SNA,2065
3/21/19,PAR,11164
3/21/19,STL,2121
3/21/19,LAS,2793
3/21/19,MIL,2341
3/21/19,DTW,3535
3/21/19,CLT,3920
3/21/19,PIT,1891
3/21/19,MAD,1863
3/21/19,AMS,2802
3/21/19,SAN,2572
3/21/19,CLE,1561
3/21/19,LON,11400
3/21/19,DEN,2732
3/21/19,PDX,1806
3/21/19,DFW,8608
3/21/19,PHX,3668
3/21/19,SAT,2826
3/21/19,NYC,11908
3/21/19,CMH,1550
3/21/19,BOS,5926
3/21/19,STO,2226
3/21/19,MSP,2852
3/21/19,SIN,2224
3/21/19,MUC,3464
3/21/19,AUS,3587
3/21/19,WAS,5972
3/21/19,SYD,2419
3/21/19,MCO,2010
3/21/19,RDU,2597
3/21/19,PEK,1552
3/21/19,YYZ,4279
3/21/19,IND,1760
3/21/19,LAX,3901
3/21/19,SHA,3370
3/21/19,SFO,5300
3/21/19,EWR,6068
3/21/19,BNA,2375
3/21/19,ATL,6398
3/21/19,CHI,7327
3/21/19,TLS,2445
3/21/19,YUL,2001
3/21/19,PHL,4520
3/21/19,SEA,4659
3/21/19,HOU,5152
3/28/19,CPH,1950
3/28/19,CMH,1642
3/28/19,SIN,2067
3/28/19,LAS,1410
3/28/19,YUL,1831
3/28/19,TLS,1950
3/28/19,RDU,2435
3/28/19,SHA,2957
3/28/19,AMS,2452
3/28/19,PAR,11215
3/28/19,SAT,2307
3/28/19,LON,10696
3/28/19,WAS,6710
3/28/19,CLE,1844
3/28/19,YYZ,4000
3/28/19,IND,1597
3/28/19,SNA,1808
3/28/19,CLT,3404
3/28/19,BOS,7348
3/28/19,MIA,1883
3/28/19,MSP,3068
3/28/19,DEN,3040
3/28/19,STL,2129
3/28/19,SJC,4232
3/28/19,MCO,1982
3/28/19,ATL,4909
3/28/19,MUC,3315
3/28/19,FRA,2584
3/28/19,SYD,2120
3/28/19,AUS,3369
3/28/19,SEA,4108
3/28/19,STO,2126
3/28/19,EWR,5455
3/28/19,HOU,4945
3/28/19,SFO,4911
3/28/19,PEK,1407
3/28/19,BNA,2267
3/28/19,PHX,3531
3/28/19,CHI,8803
3/28/19,MIL,2086
3/28/19,DTW,2965
3/28/19,PIT,1834
3/28/19,LAX,3637
3/28/19,MAD,1801
3/28/19,SAN,2009
3/28/19,MEX,2342
3/28/19,NYC,12667
3/28/19,DFW,7754
3/28/19,PDX,1916
3/28/19,PHL,4108
4/4/19,LAS,2590
4/4/19,MCO,1944
4/4/19,SAN,2253
4/4/19,STO,2472
4/4/19,DEN,3657
4/4/19,SJC,4493
4/4/19,MSP,3587
4/4/19,MEX,2883
4/4/19,ATL,6598
4/4/19,FRA,3184
4/4/19,CPH,2114
4/4/19,IND,1962
4/4/19,CHI,10776
4/4/19,SAT,2454
4/4/19,PAR,10033
4/4/19,SNA,2209
4/4/19,DFW,8023
4/4/19,LON,10361
4/4/19,SYD,2305
4/4/19,SHA,3290
4/4/19,YUL,1953
4/4/19,LAX,4020
4/4/19,SIN,2137
4/4/19,WAS,6854
4/4/19,PHX,3956
4/4/19,MIA,1935
4/4/19,EWR,6432
4/4/19,CMH,1888
4/4/19,AMS,2791
4/4/19,PDX,2539
4/4/19,BNA,2338
4/4/19,PHL,4409
4/4/19,MIL,1505
4/4/19,CLT,4231
4/4/19,BOS,6912
4/4/19,CLE,1745
4/4/19,DTW,3689
4/4/19,NYC,13579
4/4/19,STL,2368
4/4/19,MUC,1753
4/4/19,RDU,2784
4/4/19,MAD,2384
4/4/19,AUS,3458
4/4/19,SFO,5260
4/4/19,PEK,1298
4/4/19,PIT,1894
4/4/19,HOU,4920
4/4/19,YYZ,4748
4/4/19,TLS,2039
4/4/19,SEA,3806
4/11/19,DEN,3189
4/11/19,SNA,1899
4/11/19,WAS,5872
4/11/19,BOS,5448
4/11/19,MEX,1061
4/11/19,YUL,1700
4/11/19,STO,1199
4/11/19,PAR,9026
4/11/19,PEK,1309
4/11/19,TLS,1881
4/11/19,PHL,4112
4/11/19,DTW,3677
4/11/19,CLT,3538
4/11/19,SJC,3868
4/11/19,SAN,2155
4/11/19,LAS,1305
4/11/19,PHX,3606
4/11/19,MAD,494
4/11/19,PDX,2338
4/11/19,HOU,4900
4/11/19,NYC,12160
4/11/19,CLE,1679
4/11/19,MUC,2303
4/11/19,STL,2207
4/11/19,MIA,1720
4/11/19,AMS,2336
4/11/19,EWR,5558
4/11/19,BNA,2848
4/11/19,MIL,2203
4/11/19,CMH,1867
4/11/19,SYD,1706
4/11/19,SIN,1759
4/11/19,SHA,3872
4/11/19,SFO,4768
4/11/19,FRA,2097
4/11/19,IND,2022
4/11/19,LON,7620
4/11/19,PIT,1932
4/11/19,MCO,2041
4/11/19,AUS,2963
4/11/19,CHI,9379
4/11/19,ATL,6933
4/11/19,RDU,2137
4/11/19,MSP,3439
4/11/19,SEA,4259
4/11/19,YYZ,4115
4/11/19,SAT,2478
4/11/19,CPH,738
4/11/19,DFW,7699
4/11/19,LAX,3767
4/18/19,PHX,3331
4/18/19,AMS,1451
4/18/19,NYC,10343
4/18/19,MAD,1134
4/18/19,CPH,1293
4/18/19,ATL,5814
4/18/19,MIA,1628
4/18/19,EWR,5382
4/18/19,DFW,7316
4/18/19,PDX,2222
4/18/19,FRA,1315
4/18/19,MCO,1827
4/18/19,IND,1985
4/18/19,STO,1550
4/18/19,PIT,1780
4/18/19,CMH,1784
4/18/19,DTW,2936
4/18/19,LAX,3713
4/18/19,MUC,1395
4/18/19,DEN,2928
4/18/19,SJC,4371
4/18/19,SYD,289
4/18/19,SNA,1924
4/18/19,SAN,1906
4/18/19,LON,6459
4/18/19,LAS,1168
4/18/19,SAT,2421
4/18/19,SEA,4617
4/18/19,MIL,378
4/18/19,WAS,5831
4/18/19,PEK,1309
4/18/19,BOS,6062
4/18/19,AUS,2948
4/18/19,HOU,4745
4/18/19,MSP,3133
4/18/19,PAR,5569
4/18/19,CLE,1598
4/18/19,RDU,2323
4/18/19,BNA,2785
4/18/19,TLS,1173
4/18/19,STL,2217
4/18/19,SIN,1412
4/18/19,PHL,4079
4/18/19,MEX,1826
4/18/19,YYZ,3330
4/18/19,SHA,3489
4/18/19,CLT,3512
4/18/19,SFO,5584
4/18/19,YUL,1389
4/18/19,CHI,8696
4/25/19,CLE,1932
4/25/19,SYD,2263
4/25/19,LAX,3863
4/25/19,MAD,690
4/25/19,ATL,6488
4/25/19,MIL,651
4/25/19,SFO,5379
4/25/19,SIN,1222
4/25/19,PIT,1813
4/25/19,STL,2062
4/25/19,BNA,2367
4/25/19,MSP,3130
4/25/19,CMH,1625
4/25/19,LAS,2988
4/25/19,MEX,1597
4/25/19,PAR,3208
4/25/19,CPH,1700
4/25/19,SHA,1454
4/25/19,MIA,1899
4/25/19,LON,9985
4/25/19,NYC,13326
4/25/19,FRA,1405
4/25/19,PHX,3451
4/25/19,CHI,9332
4/25/19,SEA,4880
4/25/19,AUS,2799
4/25/19,STO,1076
4/25/19,HOU,4524
4/25/19,RDU,2537
4/25/19,YYZ,3749
4/25/19,SNA,1840
4/25/19,TLS,546
4/25/19,EWR,6056
4/25/19,CLT,3776
4/25/19,SAN,2063
4/25/19,MUC,1555
4/25/19,IND,1994
4/25/19,AMS,1536
4/25/19,SJC,4327
4/25/19,PDX,1957
4/25/19,PEK,634
4/25/19,DTW,3435
4/25/19,SAT,2190
4/25/19,WAS,6734
4/25/19,YUL,1827
4/25/19,MCO,1929
4/25/19,DEN,3357
4/25/19,DFW,8275
4/25/19,PHL,4339
4/25/19,BOS,6769
5/2/19,PIT,2064
5/2/19,MAD,1821
5/2/19,BNA,2423
5/2/19,DFW,8225
5/2/19,MCO,3958
5/2/19,WAS,6658
5/2/19,LAX,3739
5/2/19,LAS,2076
5/2/19,CMH,1744
5/2/19,AUS,3182
5/2/19,STL,2301
5/2/19,PAR,3847
5/2/19,PHX,3528
5/2/19,TLS,660
5/2/19,LON,9970
5/2/19,MSP,3183
5/2/19,PHL,4444
5/2/19,RDU,2578
5/2/19,SNA,2157
5/2/19,STO,2283
5/2/19,NYC,13978
5/2/19,PEK,1337
5/2/19,AMS,2353
5/2/19,DTW,3378
5/2/19,YYZ,4188
5/2/19,PDX,2208
5/2/19,CLE,2459
5/2/19,DEN,3855
5/2/19,SEA,5076
5/2/19,MEX,3269
5/2/19,SFO,5552
5/2/19,SAT,2202
5/2/19,SIN,2221
5/2/19,MUC,3315
5/2/19,CLT,3746
5/2/19,HOU,5569
5/2/19,YUL,1847
5/2/19,SJC,4006
5/2/19,FRA,2428
5/2/19,CHI,10070
5/2/19,MIA,1782
5/2/19,ATL,5732
5/2/19,BOS,7283
5/2/19,SAN,1958
5/2/19,CPH,2303
5/2/19,SYD,2314
5/2/19,MIL,2142
5/2/19,SHA,3120
5/2/19,EWR,6392
5/2/19,IND,1980
5/9/19,MCO,2113
5/9/19,MSP,3858
5/9/19,SJC,4429
5/9/19,WAS,6459
5/9/19,STL,2472
5/9/19,SAN,2244
5/9/19,ATL,6669
5/9/19,LAS,1546
5/9/19,NYC,14323
5/9/19,MIL,2565
5/9/19,AMS,2888
5/9/19,RDU,2626
5/9/19,CMH,2039
5/9/19,SYD,2608
5/9/19,PIT,1860
5/9/19,MIA,1973
5/9/19,PEK,1491
5/9/19,DTW,3568
5/9/19,PAR,12659
5/9/19,BNA,2295
5/9/19,BOS,6815
5/9/19,SNA,2142
5/9/19,LAX,3631
5/9/19,PHL,5118
5/9/19,SFO,5628
5/9/19,STO,2562
5/9/19,CLE,1823
5/9/19,YYZ,4456
5/9/19,PHX,3818
5/9/19,FRA,2950
5/9/19,CHI,10776
5/9/19,DEN,3521
5/9/19,SEA,5202
5/9/19,MUC,3450
5/9/19,EWR,6661
5/9/19,SAT,2315
5/9/19,AUS,3288
5/9/19,CLT,3986
5/9/19,SHA,3894
5/9/19,HOU,5352
5/9/19,YUL,2057
5/9/19,MAD,1602
5/9/19,TLS,2292
5/9/19,IND,2285
5/9/19,PDX,2477
5/9/19,MEX,2537
5/9/19,SIN,2197
5/9/19,DFW,8311
5/9/19,LON,12547
5/9/19,CPH,2002
5/16/19,IND,2143
5/16/19,PHX,3198
5/16/19,LAS,1807
5/16/19,STO,2442
5/16/19,DFW,8059
5/16/19,CHI,10890
5/16/19,PAR,11997
5/16/19,CLE,1895
5/16/19,NYC,13207
5/16/19,SAN,2372
5/16/19,FRA,2972
5/16/19,WAS,6507
5/16/19,SFO,5642
5/16/19,RDU,2475
5/16/19,CLT,4170
5/16/19,SYD,2591
5/16/19,SIN,2013
5/16/19,DEN,3267
5/16/19,MCO,1959
5/16/19,ATL,6208
5/16/19,SJC,4720
5/16/19,PDX,2917
5/16/19,YUL,1703
5/16/19,BNA,2218
5/16/19,SHA,3914
5/16/19,CPH,2110
5/16/19,LON,13145
5/16/19,LAX,3870
5/16/19,MAD,2416
5/16/19,AUS,3308
5/16/19,SEA,4616
5/16/19,EWR,6885
5/16/19,MIA,1829
5/16/19,BOS,6436
5/16/19,SNA,2178
5/16/19,CMH,2080
5/16/19,PEK,1623
5/16/19,MSP,3628
5/16/19,MEX,2595
5/16/19,PHL,4417
5/16/19,SAT,2245
5/16/19,AMS,2920
5/16/19,YYZ,3515
5/16/19,STL,2381
5/16/19,MIL,2571
5/16/19,TLS,2442
5/16/19,MUC,3715
5/16/19,HOU,5333
5/16/19,PIT,2224
5/16/19,DTW,3752
5/23/19,YUL,1778
5/23/19,MCO,983
5/23/19,SAT,1666
5/23/19,MIA,1255
5/23/19,PEK,1505
5/23/19,CMH,1347
5/23/19,AMS,1931
5/23/19,LAX,2580
5/23/19,CLT,2709
5/23/19,SIN,1922
5/23/19,BNA,1598
5/23/19,ATL,4014
5/23/19,LON,6748
5/23/19,MUC,2565
5/23/19,SYD,2134
5/23/19,PAR,6152
5/23/19,MAD,2313
5/23/19,MIL,2232
5/23/19,MSP,2303
5/23/19,CHI,6897
5/23/19,WAS,4466
5/23/19,SAN,1171
5/23/19,STL,1650
5/23/19,SEA,3345
5/23/19,RDU,1742
5/23/19,PHX,2005
5/23/19,NYC,9088
5/23/19,DTW,2511
5/23/19,EWR,4517
5/23/19,BOS,4808
5/23/19,LAS,817
5/23/19,SJC,3016
5/23/19,PDX,1568
5/23/19,CLE,1292
5/23/19,HOU,3418
5/23/19,TLS,1240
5/23/19,SNA,1323
5/23/19,CPH,1730
5/23/19,SFO,4304
5/23/19,PIT,1380
5/23/19,DEN,2329
5/23/19,IND,1450
5/23/19,FRA,2239
5/23/19,STO,1765
5/23/19,PHL,3210
5/23/19,SHA,3259
5/23/19,MEX,2213
5/23/19,AUS,2021
5/23/19,DFW,5273
5/23/19,YYZ,4085
5/30/19,SAT,2194
5/30/19,CLT,3876
5/30/19,PHX,3323
5/30/19,DTW,3597
5/30/19,PHL,4294
5/30/19,AMS,2384
5/30/19,WAS,6945
5/30/19,SNA,1959
5/30/19,YYZ,4584
5/30/19,PDX,2324
5/30/19,RDU,2308
5/30/19,SEA,4628
5/30/19,YUL,1879
5/30/19,DEN,3149
5/30/19,EWR,6424
5/30/19,SJC,4417
5/30/19,SHA,3041
5/30/19,CLE,1624
5/30/19,ATL,5987
5/30/19,MAD,3323
5/30/19,CMH,1858
5/30/19,STL,2168
5/30/19,CPH,1488
5/30/19,BNA,2157
5/30/19,MIL,2204
5/30/19,CHI,10265
5/30/19,STO,1716
5/30/19,BOS,6613
5/30/19,MIA,1508
5/30/19,TLS,2128
5/30/19,LON,11321
5/30/19,NYC,13776
5/30/19,SAN,2332
5/30/19,MCO,1548
5/30/19,PAR,9806
5/30/19,MUC,2743
5/30/19,DFW,7296
5/30/19,HOU,4664
5/30/19,LAS,2576
5/30/19,AUS,2565
5/30/19,LAX,3778
5/30/19,PEK,1141
5/30/19,MEX,2390
5/30/19,PIT,1924
5/30/19,MSP,3666
5/30/19,FRA,2630
5/30/19,SYD,2251
5/30/19,SFO,5432
5/30/19,SIN,1357
5/30/19,IND,1873
6/6/19,STL,2312
6/6/19,AUS,2813
6/6/19,PDX,2201
6/6/19,SEA,4606
6/6/19,DFW,7872
6/6/19,PHX,3061
6/6/19,BNA,2630
6/6/19,YUL,2182
6/6/19,SAT,1987
6/6/19,CLT,3614
6/6/19,MSP,3501
6/6/19,STO,2074
6/6/19,MAD,3591
6/6/19,WAS,6858
6/6/19,MCO,1952
6/6/19,IND,2047
6/6/19,SYD,1787
6/6/19,SIN,1956
6/6/19,SJC,4741
6/6/19,SNA,2341
6/6/19,CPH,2002
6/6/19,FRA,2507
6/6/19,TLS,1909
6/6/19,EWR,6787
6/6/19,CMH,1777
6/6/19,DEN,3868
6/6/19,DTW,3526
6/6/19,NYC,13459
6/6/19,YYZ,4728
6/6/19,CLE,1982
6/6/19,SFO,5449
6/6/19,PIT,1963
6/6/19,CHI,10252
6/6/19,RDU,2136
6/6/19,LAX,4192
6/6/19,AMS,2551
6/6/19,LON,12493
6/6/19,LAS,1312
6/6/19,MEX,2695
6/6/19,PHL,4665
6/6/19,MUC,2607
6/6/19,SHA,3471
6/6/19,PAR,9188
6/6/19,PEK,1229
6/6/19,SAN,5118
6/6/19,BOS,7051
6/6/19,MIL,1920
6/6/19,ATL,6600
6/6/19,MIA,1473
6/6/19,HOU,4944
6/13/19,HOU,4861
6/13/19,PAR,11633
6/13/19,ATL,6008
6/13/19,MEX,2394
6/13/19,NYC,14130
6/13/19,STL,2352
6/13/19,TLS,2191
6/13/19,RDU,2308
6/13/19,SAN,2105
6/13/19,IND,1833
6/13/19,SIN,1886
6/13/19,CLT,3846
6/13/19,CHI,12340
6/13/19,STO,2188
6/13/19,BOS,7346
6/13/19,PHX,3273
6/13/19,BNA,2655
6/13/19,CLE,1709
6/13/19,YUL,2048
6/13/19,MIA,1511
6/13/19,MCO,2109
6/13/19,CMH,1792
6/13/19,PIT,2245
6/13/19,SNA,1994
6/13/19,DFW,8013
6/13/19,MAD,4264
6/13/19,MSP,3690
6/13/19,YYZ,4760
6/13/19,PHL,4555
6/13/19,SJC,4355
6/13/19,SHA,3686
6/13/19,CPH,2224
6/13/19,DEN,3459
6/13/19,LAX,3850
6/13/19,PEK,1696
6/13/19,PDX,1982
6/13/19,MIL,2505
6/13/19,WAS,7536
6/13/19,SAT,2627
6/13/19,SYD,2083
6/13/19,SEA,4648
6/13/19,LON,12546
6/13/19,AUS,2825
6/13/19,SFO,4859
6/13/19,FRA,2544
6/13/19,MUC,2160
6/13/19,AMS,3123
6/13/19,DTW,3456
6/13/19,EWR,6934
6/13/19,LAS,1524
6/20/19,ATL,6313
6/20/19,PAR,11965
6/20/19,CLE,1993
6/20/19,SIN,1901
6/20/19,TLS,2560
6/20/19,BNA,2514
6/20/19,DEN,3650
6/20/19,SEA,4428
6/20/19,SAN,2190
6/20/19,BOS,6721
6/20/19,CPH,2102
6/20/19,HOU,5199
6/20/19,PIT,2107
6/20/19,MCO,1774
6/20/19,SJC,4170
6/20/19,YYZ,3964
6/20/19,IND,1909
6/20/19,CHI,10443
6/20/19,SNA,2082
6/20/19,MAD,3647
6/20/19,PEK,1915
6/20/19,RDU,2236
6/20/19,AMS,2986
6/20/19,SAT,2460
6/20/19,LAS,1644
6/20/19,DFW,8027
6/20/19,DTW,3602
6/20/19,PHL,4329
6/20/19,MSP,3787
6/20/19,STL,2394
6/20/19,MIA,1532
6/20/19,PDX,2266
6/20/19,EWR,6545
6/20/19,MIL,2338
6/20/19,YUL,1577
6/20/19,CLT,3989
6/20/19,PHX,3203
6/20/19,AUS,3082
6/20/19,SFO,5204
6/20/19,MEX,2384
6/20/19,CMH,2009
6/20/19,NYC,14242
6/20/19,WAS,6441
6/20/19,LON,12389
6/20/19,FRA,2813
6/20/19,SHA,3652
6/20/19,LAX,3556
6/20/19,STO,1693
6/20/19,MUC,3246
6/20/19,SYD,2132
6/27/19,SEA,1402
6/27/19,DFW,2286
6/27/19,ATL,1755
6/27/19,PAR,10060
6/27/19,CHI,2837
6/27/19,PIT,758
6/27/19,DEN,1114
6/27/19,DTW,1055
6/27/19,LAS,590
6/27/19,SHA,2690
6/27/19,LON,9734
6/27/19,LAX,1239
6/27/19,MCO,552
6/27/19,CPH,1415
6/27/19,MUC,3456
6/27/19,TLS,1971
6/27/19,PDX,723
6/27/19,PEK,1833
6/27/19,STO,1030
6/27/19,RDU,603
6/27/19,FRA,2342
6/27/19,BOS,1833
6/27/19,PHL,1377
6/27/19,BNA,898
6/27/19,MSP,981
6/27/19,IND,621
6/27/19,MIA,570
6/27/19,WAS,1856
6/27/19,SAT,576
6/27/19,CLE,680
6/27/19,CLT,939
6/27/19,NYC,3816
6/27/19,MEX,2125
6/27/19,STL,679
6/27/19,YUL,954
6/27/19,YYZ,1423
6/27/19,SAN,635
6/27/19,AMS,2242
6/27/19,MIL,2047
6/27/19,SFO,1489
6/27/19,CMH,631
6/27/19,EWR,1835
6/27/19,AUS,857
6/27/19,PHX,884
6/27/19,HOU,1615
6/27/19,SJC,942
6/27/19,SYD,1535
6/27/19,SIN,1464
6/27/19,SNA,661
6/27/19,MAD,3493
7/4/19,ATL,4941
7/4/19,MCO,1242
7/4/19,LAS,1035
7/4/19,YUL,1756
7/4/19,FRA,2126
7/4/19,PDX,1933
7/4/19,STO,552
7/4/19,IND,1695
7/4/19,LON,11680
7/4/19,SIN,1722
7/4/19,MUC,3324
7/4/19,STL,1909
7/4/19,SHA,2799
7/4/19,MIL,2148
7/4/19,DFW,6622
7/4/19,EWR,5439
7/4/19,SNA,1845
7/4/19,DEN,2948
7/4/19,CLE,1624
7/4/19,PAR,9012
7/4/19,CHI,8023
7/4/19,PEK,1851
7/4/19,YYZ,3164
7/4/19,BOS,5460
7/4/19,CPH,910
7/4/19,PHX,2674
7/4/19,PHL,3439
7/4/19,BNA,1980
7/4/19,AUS,2278
7/4/19,CMH,1687
7/4/19,LAX,3686
7/4/19,MEX,2403
7/4/19,MSP,3251
7/4/19,SAT,1910
7/4/19,WAS,4960
7/4/19,SYD,1469
7/4/19,SAN,1759
7/4/19,NYC,10444
7/4/19,MAD,3389
7/4/19,CLT,3433
7/4/19,AMS,2053
7/4/19,PIT,1805
7/4/19,RDU,1949
7/4/19,SFO,4151
7/4/19,DTW,2680
7/4/19,HOU,4071
7/4/19,SJC,3498
7/4/19,SEA,3599
7/4/19,TLS,1797
7/4/19,MIA,1270
7/11/19,MSP,3854
7/11/19,CLT,3975
7/11/19,LAS,2756
7/11/19,WAS,5874
7/11/19,PAR,6580
7/11/19,ATL,5745
7/11/19,SFO,4887
7/11/19,MEX,2470
7/11/19,RDU,2310
7/11/19,MIA,1441
7/11/19,SIN,1852
7/11/19,FRA,2171
7/11/19,PDX,2541
7/11/19,MIL,2284
7/11/19,PIT,2016
7/11/19,CHI,10298
7/11/19,MUC,3110
7/11/19,DTW,3476
7/11/19,DFW,7818
7/11/19,IND,1898
7/11/19,PHL,4513
7/11/19,EWR,6406
7/11/19,CMH,1990
7/11/19,PHX,2744
7/11/19,YUL,1706
7/11/19,TLS,1348
7/11/19,SJC,3963
7/11/19,NYC,13455
7/11/19,BNA,2151
7/11/19,DEN,3406
7/11/19,LON,11028
7/11/19,SEA,3719
7/11/19,SAT,2315
7/11/19,HOU,4882
7/11/19,AMS,1915
7/11/19,SHA,3051
7/11/19,SNA,1940
7/11/19,MCO,1687
7/11/19,STO,257
7/11/19,PEK,1953
7/11/19,CPH,566
7/11/19,STL,2425
7/11/19,LAX,3438
7/11/19,YYZ,3610
7/11/19,SAN,1788
7/11/19,SYD,1424
7/11/19,CLE,1836
7/11/19,AUS,2838
7/11/19,BOS,6576
7/11/19,MAD,3120
7/18/19,LAX,3492
7/18/19,HOU,4673
7/18/19,YUL,1461
7/18/19,MUC,2854
7/18/19,LON,9964
7/18/19,DFW,7124
7/18/19,BOS,6497
7/18/19,NYC,12553
7/18/19,FRA,1963
7/18/19,LAS,1424
7/18/19,EWR,6381
7/18/19,MIL,1960
7/18/19,AUS,2737
7/18/19,SJC,3895
7/18/19,STO,197
7/18/19,CMH,1776
7/18/19,RDU,2305
7/18/19,YYZ,3533
7/18/19,PDX,2172
7/18/19,SAN,2062
7/18/19,PAR,4686
7/18/19,SFO,5129
7/18/19,WAS,6033
7/18/19,SAT,2282
7/18/19,CPH,397
7/18/19,MSP,3938
7/18/19,PHL,4394
7/18/19,CLE,1832
7/18/19,DEN,3773
7/18/19,MEX,2334
7/18/19,BNA,2186
7/18/19,PIT,1979
7/18/19,CHI,10277
7/18/19,MCO,1571
7/18/19,PHX,2699
7/18/19,IND,1928
7/18/19,SEA,4839
7/18/19,MIA,1471
7/18/19,STL,2104
7/18/19,SIN,1722
7/18/19,CLT,3749
7/18/19,SHA,3307
7/18/19,PEK,2018
7/18/19,AMS,1427
7/18/19,SYD,2097
7/18/19,ATL,5848
7/18/19,MAD,2430
7/18/19,TLS,1054
7/18/19,SNA,2057
7/18/19,DTW,3825
7/25/19,SAT,2040
7/25/19,MIL,1400
7/25/19,MIA,1279
7/25/19,BNA,1901
7/25/19,MUC,2106
7/25/19,MCO,1441
7/25/19,YYZ,3027
7/25/19,AMS,1059
7/25/19,TLS,563
7/25/19,IND,1738
7/25/19,CPH,496
7/25/19,STL,2284
7/25/19,MEX,2058
7/25/19,DTW,3370
7/25/19,SNA,1650
7/25/19,CLE,1617
7/25/19,STO,194
7/25/19,PDX,1960
7/25/19,NYC,11777
7/25/19,SHA,2856
7/25/19,SFO,4676
7/25/19,PHX,2553
7/25/19,DEN,3220
7/25/19,EWR,5730
7/25/19,MSP,3346
7/25/19,CMH,1611
7/25/19,ATL,5435
7/25/19,PHL,3903
7/25/19,CHI,9757
7/25/19,DFW,7131
7/25/19,SEA,3991
7/25/19,CLT,3647
7/25/19,LAX,3236
7/25/19,SAN,1802
7/25/19,PAR,2577
7/25/19,SYD,2329
7/25/19,MAD,1366
7/25/19,PEK,1857
7/25/19,SIN,1660
7/25/19,RDU,2122
7/25/19,FRA,1681
7/25/19,WAS,5406
7/25/19,PIT,1848
7/25/19,BOS,6295
7/25/19,YUL,1195
7/25/19,AUS,2299
7/25/19,SJC,3625
7/25/19,LAS,1423
7/25/19,HOU,4196
7/25/19,LON,8380
8/1/19,RDU,2194
8/1/19,SJC,3638
8/1/19,SEA,4277
8/1/19,MUC,1552
8/1/19,SNA,1905
8/1/19,DEN,3310
8/1/19,MSP,3357
8/1/19,PEK,1805
8/1/19,WAS,5315
8/1/19,NYC,10621
8/1/19,AMS,927
8/1/19,PHX,2641
8/1/19,MCO,1606
8/1/19,LAX,3139
8/1/19,CLT,3580
8/1/19,BNA,2487
8/1/19,HOU,4134
8/1/19,MAD,583
8/1/19,BOS,5806
8/1/19,FRA,1592
8/1/19,IND,1884
8/1/19,PAR,1485
8/1/19,DTW,3462
8/1/19,CMH,1862
8/1/19,MEX,2345
8/1/19,MIA,1331
8/1/19,MIL,539
8/1/19,ATL,5531
8/1/19,PHL,4047
8/1/19,STL,2331
8/1/19,CHI,9247
8/1/19,LAS,2735
8/1/19,PIT,2190
8/1/19,SFO,4336
8/1/19,EWR,5532
8/1/19,LON,6788
8/1/19,CPH,871
8/1/19,PDX,1965
8/1/19,SYD,2521
8/1/19,DFW,6739
8/1/19,SIN,1362
8/1/19,CLE,1615
8/1/19,YYZ,2223
8/1/19,SAN,1857
8/1/19,SHA,2750
8/1/19,YUL,1211
8/1/19,TLS,338
8/1/19,SAT,2054
8/1/19,STO,496
8/1/19,AUS,2491
8/8/19,WAS,5513
8/8/19,MSP,3439
8/8/19,PAR,886
8/8/19,SEA,4177
8/8/19,PDX,2170
8/8/19,DTW,3716
8/8/19,SJC,4261
8/8/19,TLS,209
8/8/19,MUC,999
8/8/19,STO,1042
8/8/19,PIT,1884
8/8/19,FRA,1600
8/8/19,CPH,1326
8/8/19,SHA,3037
8/8/19,CMH,1867
8/8/19,MEX,2427
8/8/19,BNA,2424
8/8/19,SAT,2068
8/8/19,MCO,1781
8/8/19,PHL,3658
8/8/19,IND,1871
8/8/19,RDU,2283
8/8/19,BOS,5733
8/8/19,PHX,3138
8/8/19,MAD,337
8/8/19,LAS,1455
8/8/19,SNA,1816
8/8/19,AMS,1023
8/8/19,PEK,1915
8/8/19,STL,2307
8/8/19,SIN,1361
8/8/19,ATL,6081
8/8/19,YYZ,3456
8/8/19,LON,6562
8/8/19,DFW,7672
8/8/19,SYD,2051
8/8/19,CLE,1711
8/8/19,SAN,2035
8/8/19,MIL,182
8/8/19,YUL,1286
8/8/19,NYC,10781
8/8/19,MIA,1347
8/8/19,HOU,4674
8/8/19,EWR,5616
8/8/19,LAX,3253
8/8/19,CLT,3611
8/8/19,DEN,3763
8/8/19,CHI,9580
8/8/19,SFO,5220
8/8/19,AUS,2524
8/15/19,SFO,5021
8/15/19,CMH,2066
8/15/19,DEN,3883
8/15/19,HOU,4791
8/15/19,SJC,4262
8/15/19,BOS,5946
8/15/19,ATL,6397
8/15/19,MIA,1573
8/15/19,CHI,10577
8/15/19,SAT,2291
8/15/19,PAR,1743
8/15/19,STL,2435
8/15/19,TLS,453
8/15/19,MAD,506
8/15/19,LAS,1321
8/15/19,PDX,2274
8/15/19,SNA,2142
8/15/19,WAS,5175
8/15/19,AUS,2988
8/15/19,IND,2178
8/15/19,EWR,5984
8/15/19,DFW,7962
8/15/19,MEX,2449
8/15/19,SIN,2186
8/15/19,CLE,1821
8/15/19,CLT,3806
8/15/19,BNA,2338
8/15/19,RDU,2445
8/15/19,PHX,3086
8/15/19,LAX,3403
8/15/19,MUC,1303
8/15/19,FRA,1703
8/15/19,PIT,2138
8/15/19,MSP,3589
8/15/19,SEA,4335
8/15/19,AMS,1315
8/15/19,YUL,1473
8/15/19,YYZ,3485
8/15/19,SHA,2946
8/15/19,CPH,1822
8/15/19,MIL,246
8/15/19,SAN,2336
8/15/19,LON,6865
8/15/19,SYD,2134
8/15/19,STO,1766
8/15/19,PHL,4041
8/15/19,MCO,1896
8/15/19,NYC,10345
8/15/19,DTW,3693
8/15/19,PEK,1946
8/22/19,PHX,2849
8/22/19,MCO,1736
8/22/19,SYD,1802
8/22/19,CLT,3604
8/22/19,SIN,1937
8/22/19,MIL,756
8/22/19,WAS,5230
8/22/19,DEN,3511
8/22/19,SFO,6359
8/22/19,PHL,3806
8/22/19,SAT,2063
8/22/19,EWR,5326
8/22/19,PEK,2252
8/22/19,PIT,1981
8/22/19,HOU,4875
8/22/19,SEA,4084
8/22/19,SJC,3848
8/22/19,AMS,1842
8/22/19,YUL,1659
8/22/19,CLE,1643
8/22/19,DTW,3399
8/22/19,STO,2293
8/22/19,CPH,2124
8/22/19,YYZ,2938
8/22/19,MUC,1797
8/22/19,LAS,1897
8/22/19,DFW,7299
8/22/19,IND,1916
8/22/19,CMH,1825
8/22/19,AUS,2505
8/22/19,MSP,3439
8/22/19,MIA,1536
8/22/19,PAR,4017
8/22/19,STL,2280
8/22/19,NYC,10043
8/22/19,CHI,9091
8/22/19,SHA,3270
8/22/19,BOS,5340
8/22/19,TLS,826
8/22/19,SAN,2055
8/22/19,BNA,2433
8/22/19,LON,5997
8/22/19,SNA,2143
8/22/19,LAX,3559
8/22/19,FRA,1917
8/22/19,MEX,2693
8/22/19,PDX,2218
8/22/19,RDU,2329
8/22/19,ATL,6204
8/22/19,MAD,1003
8/29/19,IND,1207
8/29/19,ATL,3626
8/29/19,CMH,1177
8/29/19,MUC,2462
8/29/19,FRA,2213
8/29/19,PEK,2111
8/29/19,AUS,1948
8/29/19,SHA,3225
8/29/19,CLT,2118
8/29/19,PAR,7282
8/29/19,SAT,1441
8/29/19,DEN,2158
8/29/19,LON,9841
8/29/19,MIA,953
8/29/19,TLS,1625
8/29/19,YUL,1326
8/29/19,MAD,2293
8/29/19,SFO,3307
8/29/19,STO,2218
8/29/19,LAX,2188
8/29/19,LAS,909
8/29/19,PHX,1689
8/29/19,PIT,1305
8/29/19,YYZ,2243
8/29/19,CLE,1031
8/29/19,SAN,1170
8/29/19,BNA,1472
8/29/19,DTW,2243
8/29/19,PDX,1428
8/29/19,STL,1710
8/29/19,CHI,5703
8/29/19,SNA,1193
8/29/19,SJC,2699
8/29/19,CPH,1758
8/29/19,HOU,3089
8/29/19,WAS,3848
8/29/19,MEX,2325
8/29/19,SIN,1515
8/29/19,BOS,4444
8/29/19,MCO,810
8/29/19,MIL,1699
8/29/19,AMS,2063
8/29/19,DFW,5202
8/29/19,RDU,1473
8/29/19,NYC,9464
8/29/19,EWR,4114
8/29/19,PHL,2933
8/29/19,SEA,2753
8/29/19,SYD,1797
8/29/19,MSP,2151
9/5/19,MEX,2958
9/5/19,LAS,1508
9/5/19,PEK,2203
9/5/19,BOS,7650
9/5/19,LON,13529
9/5/19,SAN,2163
9/5/19,MAD,3657
9/5/19,NYC,15508
9/5/19,WAS,7650
9/5/19,STO,2173
9/5/19,HOU,5182
9/5/19,YYZ,4635
9/5/19,SHA,3444
9/5/19,SIN,2060
9/5/19,SEA,5541
9/5/19,DFW,8177
9/5/19,LAX,4013
9/5/19,SNA,2562
9/5/19,SAT,2605
9/5/19,STL,2482
9/5/19,CHI,10359
9/5/19,PIT,2222
9/5/19,PDX,2417
9/5/19,MSP,3803
9/5/19,CLT,3729
9/5/19,BNA,2470
9/5/19,CMH,2222
9/5/19,ATL,6920
9/5/19,TLS,2214
9/5/19,EWR,7114
9/5/19,YUL,2087
9/5/19,AMS,2955
9/5/19,PAR,10428
9/5/19,CPH,2189
9/5/19,SFO,5727
9/5/19,IND,2280
9/5/19,RDU,2679
9/5/19,MCO,1582
9/5/19,MIA,1442
9/5/19,DTW,4363
9/5/19,MUC,3346
9/5/19,AUS,3721
9/5/19,SYD,2030
9/5/19,FRA,2842
9/5/19,PHX,3238
9/5/19,CLE,1798
9/5/19,MIL,2179
9/5/19,PHL,4952
9/5/19,SJC,4993
9/5/19,DEN,3795
9/12/19,HOU,5597
9/12/19,STO,2316
9/12/19,CLT,3847
9/12/19,AMS,3178
9/12/19,NYC,14344
9/12/19,MSP,4048
9/12/19,STL,2639
9/12/19,PIT,2234
9/12/19,EWR,7523
9/12/19,IND,2085
9/12/19,ATL,6761
9/12/19,MAD,4379
9/12/19,FRA,3244
9/12/19,PHX,3613
9/12/19,BNA,2804
9/12/19,CPH,2533
9/12/19,BOS,7374
9/12/19,MIA,1693
9/12/19,PDX,2344
9/12/19,MEX,1924
9/12/19,SAN,1995
9/12/19,LAS,2462
9/12/19,PAR,11262
9/12/19,YUL,2278
9/12/19,RDU,2823
9/12/19,LAX,4015
9/12/19,PHL,4785
9/12/19,SAT,2692
9/12/19,SFO,5234
9/12/19,CHI,11372
9/12/19,SEA,5177
9/12/19,MCO,2660
9/12/19,DFW,7952
9/12/19,CLE,2183
9/12/19,CMH,1878
9/12/19,MUC,3362
9/12/19,TLS,2618
9/12/19,AUS,3581
9/12/19,DEN,4014
9/12/19,SIN,2014
9/12/19,SHA,3729
9/12/19,DTW,4012
9/12/19,SNA,2236
9/12/19,PEK,2324
9/12/19,SJC,5437
9/12/19,YYZ,4399
9/12/19,MIL,2582
9/12/19,LON,14292
9/12/19,SYD,2265
9/12/19,WAS,7453
9/19/19,DFW,9062
9/19/19,TLS,2585
9/19/19,YUL,2343
9/19/19,LAS,2721
9/19/19,MCO,2015
9/19/19,CPH,2369
9/19/19,CMH,2093
9/19/19,AMS,3454
9/19/19,PHX,3585
9/19/19,BOS,7555
9/19/19,PDX,2954
9/19/19,MUC,3929
9/19/19,YYZ,4420
9/19/19,STO,2251
9/19/19,HOU,5836
9/19/19,LON,14230
9/19/19,PIT,2183
9/19/19,ATL,6476
9/19/19,STL,2435
9/19/19,EWR,7733
9/19/19,SJC,5185
9/19/19,SFO,5900
9/19/19,IND,1953
9/19/19,SHA,4135
9/19/19,RDU,2937
9/19/19,SNA,2242
9/19/19,SAT,2563
9/19/19,AUS,3699
9/19/19,CHI,10904
9/19/19,NYC,14787
9/19/19,CLT,3839
9/19/19,SYD,2075
9/19/19,DTW,3872
9/19/19,SEA,5095
9/19/19,PEK,2425
9/19/19,DEN,3689
9/19/19,MIA,2424
9/19/19,MSP,3822
9/19/19,SAN,2423
9/19/19,PHL,4841
9/19/19,SIN,2399
9/19/19,MAD,4217
9/19/19,FRA,3226
9/19/19,BNA,2590
9/19/19,PAR,12034
9/19/19,LAX,3904
9/19/19,WAS,6908
9/19/19,MIL,2737
9/19/19,CLE,1918
9/19/19,MEX,2641
9/26/19,AUS,2915
9/26/19,MUC,2656
9/26/19,SAN,2283
9/26/19,IND,1766
9/26/19,BOS,6832
9/26/19,AMS,3012
9/26/19,LAX,3247
9/26/19,LAS,1655
9/26/19,MIL,2639
9/26/19,RDU,2510
9/26/19,SEA,5057
9/26/19,PEK,595
9/26/19,MCO,3481
9/26/19,PHL,4424
9/26/19,PAR,11158
9/26/19,SIN,1820
9/26/19,SJC,4498
9/26/19,CLE,1566
9/26/19,MAD,3798
9/26/19,CMH,1777
9/26/19,SNA,1778
9/26/19,YYZ,4054
9/26/19,MIA,1344
9/26/19,SYD,1684
9/26/19,LON,13020
9/26/19,MSP,3620
9/26/19,DEN,3561
9/26/19,PIT,2231
9/26/19,CHI,10536
9/26/19,WAS,5954
9/26/19,BNA,2373
9/26/19,SHA,946
9/26/19,EWR,6284
9/26/19,STO,2282
9/26/19,CPH,2069
9/26/19,SAT,2104
9/26/19,MEX,2363
9/26/19,DFW,7286
9/26/19,YUL,1985
9/26/19,PHX,2827
9/26/19,HOU,4835
9/26/19,STL,2221
9/26/19,SFO,5717
9/26/19,CLT,3792
9/26/19,NYC,13729
9/26/19,ATL,5723
9/26/19,PDX,2345
9/26/19,TLS,1992
9/26/19,FRA,2306
9/26/19,DTW,3512
10/3/19,SNA,1917
10/3/19,PDX,2338
10/3/19,HOU,4953
10/3/19,TLS,2098
10/3/19,CLE,1865
10/3/19,PHL,4867
10/3/19,MIA,1468
10/3/19,SFO,5308
10/3/19,NYC,12930
10/3/19,MIL,2617
10/3/19,CMH,2150
10/3/19,SJC,4967
10/3/19,CLT,3786
10/3/19,MAD,3960
10/3/19,SYD,1615
10/3/19,AMS,3383
10/3/19,MSP,3458
10/3/19,DEN,3668
10/3/19,AUS,3622
10/3/19,SEA,5152
10/3/19,PHX,2848
10/3/19,SAN,1993
10/3/19,RDU,2520
10/3/19,CHI,10516
10/3/19,DTW,3862
10/3/19,STL,2291
10/3/19,PEK,1227
10/3/19,EWR,6859
10/3/19,MCO,1927
10/3/19,LON,13389
10/3/19,DFW,8190
10/3/19,PAR,12029
10/3/19,LAS,1458
10/3/19,YUL,2152
10/3/19,PIT,2096
10/3/19,YYZ,4224
10/3/19,BNA,2185
10/3/19,CPH,2050
10/3/19,WAS,6711
10/3/19,ATL,6181
10/3/19,BOS,7166
10/3/19,SHA,1812
10/3/19,LAX,3592
10/3/19,STO,2193
10/3/19,SIN,1869
10/3/19,IND,1767
10/3/19,SAT,2277
10/3/19,MUC,2757
10/3/19,MEX,2702
10/3/19,FRA,2616
10/10/19,SEA,5371
10/10/19,HOU,5441
10/10/19,LAX,3827
10/10/19,SNA,1956
10/10/19,ATL,6361
10/10/19,SJC,4836
10/10/19,CPH,1432
10/10/19,CHI,10846
10/10/19,YUL,1727
10/10/19,SHA,3841
10/10/19,IND,1913
10/10/19,PIT,1985
10/10/19,NYC,14049
10/10/19,TLS,2378
10/10/19,BNA,2426
10/10/19,MEX,2619
10/10/19,STL,2188
10/10/19,WAS,7728
10/10/19,MAD,4160
10/10/19,SIN,2119
10/10/19,AUS,3163
10/10/19,MUC,3686
10/10/19,LAS,1906
10/10/19,PAR,12128
10/10/19,STO,2268
10/10/19,EWR,7024
10/10/19,SFO,5155
10/10/19,SAT,2437
10/10/19,BOS,7643
10/10/19,CLT,3593
10/10/19,SAN,1831
10/10/19,MSP,3539
10/10/19,AMS,3037
10/10/19,PHX,3731
10/10/19,MIA,1773
10/10/19,SYD,2101
10/10/19,DTW,3695
10/10/19,PEK,2573
10/10/19,DFW,8413
10/10/19,RDU,2519
10/10/19,DEN,3691
10/10/19,YYZ,3384
10/10/19,CLE,1720
10/10/19,PHL,4756
10/10/19,FRA,2819
10/10/19,CMH,1921
10/10/19,LON,13459
10/10/19,MIL,2637
10/10/19,PDX,2171
10/10/19,MCO,2833
10/17/19,AUS,3435
10/17/19,PIT,2493
10/17/19,SJC,5027
10/17/19,FRA,3489
10/17/19,TLS,1840
10/17/19,MSP,3716
10/17/19,AMS,2587
10/17/19,BNA,2626
10/17/19,SIN,2011
10/17/19,CHI,11284
10/17/19,SFO,5969
10/17/19,CMH,1909
10/17/19,MCO,2974
10/17/19,PHL,5038
10/17/19,PHX,3846
10/17/19,YUL,2257
10/17/19,LAS,2076
10/17/19,DFW,8444
10/17/19,EWR,7180
10/17/19,CPH,2065
10/17/19,SAN,2185
10/17/19,RDU,2597
10/17/19,NYC,14586
10/17/19,HOU,5805
10/17/19,DEN,4086
10/17/19,WAS,7224
10/17/19,CLT,4182
10/17/19,MEX,2568
10/17/19,PDX,2403
10/17/19,ATL,6259
10/17/19,SYD,2214
10/17/19,SAT,2442
10/17/19,STO,2161
10/17/19,SHA,4110
10/17/19,MUC,3589
10/17/19,LON,11828
10/17/19,PEK,2808
10/17/19,BOS,7933
10/17/19,STL,2440
10/17/19,CLE,1784
10/17/19,LAX,4383
10/17/19,SNA,2453
10/17/19,DTW,3833
10/17/19,MAD,3732
10/17/19,MIA,2471
10/17/19,SEA,5443
10/17/19,IND,2011
10/17/19,YYZ,4914
10/17/19,PAR,9069
10/17/19,MIL,2474
10/24/19,CPH,2133
10/24/19,SAT,2127
10/24/19,SHA,3628
10/24/19,RDU,2305
10/24/19,PDX,2163
10/24/19,PHX,3403
10/24/19,DEN,3308
10/24/19,DFW,7830
10/24/19,HOU,5071
10/24/19,PIT,2192
10/24/19,SEA,5077
10/24/19,TLS,1105
10/24/19,MIA,1872
10/24/19,LAS,2337
10/24/19,MAD,3571
10/24/19,CLE,1492
10/24/19,PEK,2402
10/24/19,EWR,6125
10/24/19,MIL,2106
10/24/19,PAR,5691
10/24/19,STL,2126
10/24/19,AUS,2872
10/24/19,BOS,7043
10/24/19,ATL,5610
10/24/19,DTW,3635
10/24/19,BNA,2195
10/24/19,MCO,1849
10/24/19,PHL,4543
10/24/19,MUC,2472
10/24/19,WAS,6258
10/24/19,LON,9613
10/24/19,SIN,1643
10/24/19,YYZ,4229
10/24/19,CLT,3574
10/24/19,IND,1640
10/24/19,SJC,4140
10/24/19,CMH,1751
10/24/19,CHI,9607
10/24/19,SYD,2084
10/24/19,SAN,1608
10/24/19,YUL,1829
10/24/19,SNA,1770
10/24/19,NYC,13043
10/24/19,FRA,2552
10/24/19,AMS,2548
10/24/19,MEX,2034
10/24/19,SFO,5064
10/24/19,LAX,4001
10/24/19,MSP,3268
10/24/19,STO,1331
10/31/19,STL,2409
10/31/19,CLT,4283
10/31/19,MIA,2095
10/31/19,CLE,1548
10/31/19,SIN,2382
10/31/19,IND,1917
10/31/19,PDX,2229
10/31/19,DFW,8826
10/31/19,LAX,4349
10/31/19,LON,12671
10/31/19,CMH,1734
10/31/19,BOS,7275
10/31/19,YUL,2025
10/31/19,MCO,5104
10/31/19,SAN,2330
10/31/19,PAR,9988
10/31/19,CPH,2437
10/31/19,SHA,3721
10/31/19,FRA,2099
10/31/19,BNA,2231
10/31/19,PEK,2612
10/31/19,MEX,2299
10/31/19,TLS,2165
10/31/19,LAS,2564
10/31/19,SYD,1693
10/31/19,MUC,3267
10/31/19,HOU,5401
10/31/19,PHL,4731
10/31/19,ATL,6094
10/31/19,MSP,3474
10/31/19,CHI,10267
10/31/19,SNA,2764
10/31/19,SJC,4287
10/31/19,MAD,3684
10/31/19,MIL,2419
10/31/19,STO,2140
10/31/19,SEA,5154
10/31/19,RDU,2652
10/31/19,AUS,3720
10/31/19,DEN,3587
10/31/19,PIT,2172
10/31/19,EWR,7127
10/31/19,SAT,2552
10/31/19,PHX,4257
10/31/19,AMS,2909
10/31/19,WAS,6540
10/31/19,SFO,5266
10/31/19,DTW,3401
10/31/19,NYC,14854
10/31/19,YYZ,4034
11/7/19,YUL,1912
11/7/19,DTW,3471
11/7/19,TLS,1894
11/7/19,HOU,5931
11/7/19,ATL,6484
11/7/19,BNA,2702
11/7/19,EWR,7394
11/7/19,SIN,2926
11/7/19,STO,2351
11/7/19,LAS,2482
11/7/19,LON,14490
11/7/19,STL,2541
11/7/19,PDX,2210
11/7/19,DEN,3868
11/7/19,SEA,6094
11/7/19,NYC,15817
11/7/19,MIA,2175
11/7/19,MUC,3830
11/7/19,MIL,2834
11/7/19,CMH,1980
11/7/19,PEK,2414
11/7/19,SHA,4042
11/7/19,PHX,4150
11/7/19,CLT,3940
11/7/19,CHI,10731
11/7/19,DFW,8872
11/7/19,AUS,3558
11/7/19,MAD,4037
11/7/19,MEX,2897
11/7/19,LAX,4778
11/7/19,SJC,5789
11/7/19,SYD,2624
11/7/19,WAS,7364
11/7/19,AMS,3163
11/7/19,PHL,4834
11/7/19,MCO,3119
11/7/19,BOS,7558
11/7/19,SAN,2232
11/7/19,SAT,2463
11/7/19,SNA,2370
11/7/19,MSP,3969
11/7/19,SFO,6188
11/7/19,PIT,2279
11/7/19,RDU,3092
11/7/19,IND,2164
11/7/19,FRA,3036
11/7/19,CLE,1787
11/7/19,CPH,2104
11/7/19,PAR,10132
11/7/19,YYZ,4465
11/14/19,TLS,2731
11/14/19,LAS,1781
11/14/19,WAS,7570
11/14/19,SNA,2257
11/14/19,MCO,1986
11/14/19,PIT,2367
11/14/19,SHA,4074
11/14/19,YUL,2384
11/14/19,CLE,1846
11/14/19,SAT,2542
11/14/19,MAD,4339
11/14/19,YYZ,5030
11/14/19,CLT,4348
11/14/19,LON,14659
11/14/19,STL,2470
11/14/19,LAX,4949
11/14/19,STO,2321
11/14/19,MUC,3724
11/14/19,SAN,3486
11/14/19,NYC,15891
11/14/19,SYD,2589
11/14/19,BNA,2843
11/14/19,PDX,2340
11/14/19,CMH,2015
11/14/19,HOU,6259
11/14/19,MSP,3893
11/14/19,PAR,12926
11/14/19,AUS,3374
11/14/19,SFO,5640
11/14/19,PHX,3733
11/14/19,PHL,5504
11/14/19,CHI,11557
11/14/19,AMS,3453
11/14/19,SIN,3084
11/14/19,MIL,2662
11/14/19,RDU,2807
11/14/19,IND,2058
11/14/19,CPH,2162
11/14/19,MIA,2278
11/14/19,ATL,7059
11/14/19,DEN,4373
11/14/19,DTW,3830
11/14/19,SEA,6332
11/14/19,MEX,2656
11/14/19,FRA,3385
11/14/19,BOS,7832
11/14/19,EWR,7958
11/14/19,SJC,5709
11/14/19,DFW,8540
11/14/19,PEK,2515
11/21/19,CHI,2650
11/21/19,MIA,579
11/21/19,MCO,462
11/21/19,MEX,2130
11/21/19,MIL,2735
11/21/19,EWR,1863
11/21/19,SJC,995
11/21/19,LAS,461
11/21/19,CPH,2407
11/21/19,PHL,1405
11/21/19,SYD,2471
11/21/19,YYZ,3055
11/21/19,SIN,2033
11/21/19,DEN,922
11/21/19,PEK,2201
11/21/19,SFO,1739
11/21/19,MUC,3436
11/21/19,IND,535
11/21/19,BOS,2240
11/21/19,PAR,11239
11/21/19,SAT,496
11/21/19,RDU,529
11/21/19,SEA,1285
11/21/19,LON,11723
11/21/19,NYC,4543
11/21/19,STO,2423
11/21/19,SAN,539
11/21/19,FRA,2895
11/21/19,AMS,2729
11/21/19,SNA,503
11/21/19,PHX,1021
11/21/19,MAD,4165
11/21/19,LAX,1622
11/21/19,HOU,1182
11/21/19,PIT,616
11/21/19,YUL,1678
11/21/19,BNA,727
11/21/19,DFW,1975
11/21/19,CLE,463
11/21/19,WAS,1917
11/21/19,CMH,630
11/21/19,PDX,597
11/21/19,TLS,2197
11/21/19,AUS,748
11/21/19,CLT,1129
11/21/19,ATL,1548
11/21/19,STL,669
11/21/19,MSP,927
11/21/19,DTW,1048
11/21/19,SHA,3375
11/28/19,NYC,14154
11/28/19,LON,14144
11/28/19,BNA,1900
11/28/19,CHI,8311
11/28/19,CLT,3687
11/28/19,AMS,2770
11/28/19,MSP,3115
11/28/19,CMH,1765
11/28/19,MUC,3704
11/28/19,DEN,3135
11/28/19,SNA,1689
11/28/19,MIA,1993
11/28/19,DFW,7953
11/28/19,EWR,7054
11/28/19,YUL,2200
11/28/19,HOU,5071
11/28/19,SFO,4859
11/28/19,MIL,2603
11/28/19,STO,2478
11/28/19,WAS,6291
11/28/19,YYZ,4154
11/28/19,BOS,6994
11/28/19,MCO,1921
11/28/19,CPH,2428
11/28/19,SAN,1998
11/28/19,DTW,3069
11/28/19,STL,1978
11/28/19,RDU,2559
11/28/19,PHL,4297
11/28/19,SEA,5079
11/28/19,LAS,2970
11/28/19,TLS,2213
11/28/19,PAR,10549
11/28/19,FRA,2861
11/28/19,ATL,5696
11/28/19,LAX,3197
11/28/19,PEK,2266
11/28/19,PDX,2121
11/28/19,MAD,3462
11/28/19,MEX,2783
11/28/19,CLE,1483
11/28/19,IND,1858
11/28/19,AUS,2965
11/28/19,PIT,2008
11/28/19,SJC,4714
11/28/19,SYD,2523
11/28/19,SHA,3501
11/28/19,SIN,1967
11/28/19,SAT,2342
11/28/19,PHX,3721
12/5/19,SAT,2907
12/5/19,SFO,5397
12/5/19,HOU,5991
12/5/19,CMH,2104
12/5/19,BOS,8211
12/5/19,EWR,8386
12/5/19,MAD,3723
12/5/19,SIN,1752
12/5/19,MEX,2798
12/5/19,MSP,3702
12/5/19,ATL,6883
12/5/19,WAS,7984
12/5/19,MIL,2567
12/5/19,DTW,3945
12/5/19,PHX,4092
12/5/19,LAS,2217
12/5/19,TLS,1965
12/5/19,DFW,9007
12/5/19,SYD,2411
12/5/19,AUS,3731
12/5/19,LON,15782
12/5/19,SEA,5564
12/5/19,YUL,2346
12/5/19,CLT,4875
12/5/19,CLE,1756
12/5/19,SJC,5961
12/5/19,PIT,2226
12/5/19,CHI,10583
12/5/19,BNA,2865
12/5/19,SHA,3918
12/5/19,MCO,2989
12/5/19,DEN,3700
12/5/19,YYZ,4738
12/5/19,PEK,2306
12/5/19,MUC,3974
12/5/19,SNA,2480
12/5/19,NYC,16765
12/5/19,STO,2642
12/5/19,PAR,9819
12/5/19,STL,2454
12/5/19,MIA,2075
12/5/19,PDX,2315
12/5/19,PHL,5459
12/5/19,RDU,2687
12/5/19,LAX,4476
12/5/19,FRA,3072
12/5/19,CPH,2386
12/5/19,IND,2108
12/5/19,SAN,2232
12/5/19,AMS,2955
12/12/19,WAS,5959
12/12/19,CMH,1568
12/12/19,SJC,3639
12/12/19,SNA,1833
12/12/19,SFO,4273
12/12/19,MIA,1715
12/12/19,SAT,1953
12/12/19,DFW,6674
12/12/19,MAD,4028
12/12/19,SIN,1027
12/12/19,AMS,1929
12/12/19,MCO,1578
12/12/19,PEK,1944
12/12/19,NYC,14907
12/12/19,FRA,2157
12/12/19,CLT,3115
12/12/19,PDX,1887
12/12/19,EWR,6023
12/12/19,PIT,2026
12/12/19,MUC,2623
12/12/19,LON,10561
12/12/19,CPH,1683
12/12/19,MSP,3121
12/12/19,DTW,2544
12/12/19,BOS,5873
12/12/19,AUS,2197
12/12/19,BNA,1948
12/12/19,PAR,9755
12/12/19,ATL,5273
12/12/19,MIL,2266
12/12/19,MEX,1786
12/12/19,LAX,3380
12/12/19,IND,1667
12/12/19,SAN,1584
12/12/19,PHL,3790
12/12/19,CLE,1222
12/12/19,SHA,3178
12/12/19,LAS,1158
12/12/19,SYD,1409
12/12/19,YYZ,3123
12/12/19,PHX,2751
12/12/19,YUL,1588
12/12/19,DEN,3233
12/12/19,RDU,1877
12/12/19,STO,1753
12/12/19,STL,1926
12/12/19,HOU,3862
12/12/19,TLS,1584
12/12/19,CHI,7902
12/12/19,SEA,3645
12/19/19,TLS,119
12/19/19,PAR,1092
12/19/19,SHA,1376
12/19/19,FRA,202
12/19/19,SEA,318
12/19/19,HOU,353
12/19/19,LON,1195
12/19/19,LAS,186
12/19/19,SFO,462
12/19/19,BNA,181
12/19/19,CLT,223
12/19/19,YUL,216
12/19/19,SNA,191
12/19/19,CMH,132
12/19/19,LAX,512
12/19/19,STO,107
12/19/19,NYC,1262
12/19/19,MSP,449
12/19/19,PEK,1113
12/19/19,RDU,161
12/19/19,IND,204
12/19/19,EWR,445
12/19/19,DEN,277
12/19/19,MUC,272
12/19/19,BOS,538
12/19/19,WAS,443
12/19/19,PHL,463
12/19/19,SIN,161
12/19/19,MAD,474
12/19/19,CHI,718
12/19/19,MEX,347
12/19/19,CPH,147
12/19/19,ATL,596
12/19/19,SYD,148
12/19/19,PDX,213
12/19/19,AUS,181
12/19/19,MIA,234
12/19/19,DTW,267
12/19/19,YYZ,347
12/19/19,SAN,270
12/19/19,AMS,275
12/19/19,STL,205
12/19/19,DFW,547
12/19/19,SJC,234
12/19/19,PHX,376
12/19/19,SAT,179
12/19/19,PIT,184
12/19/19,CLE,111
12/19/19,MIL,298
12/19/19,MCO,200
12/26/19,PHX,369
12/26/19,DEN,186
12/26/19,SFO,168
12/26/19,EWR,276
12/26/19,CHI,401
12/26/19,PAR,223
12/26/19,DTW,144
12/26/19,MCO,305
12/26/19,HOU,266
12/26/19,RDU,127
12/26/19,MUC,43
12/26/19,TLS,40
12/26/19,WAS,260
12/26/19,MEX,204
12/26/19,STO,32
12/26/19,BOS,232
12/26/19,PEK,627
12/26/19,PIT,83
12/26/19,CLT,206
12/26/19,LON,295
12/26/19,CMH,88
12/26/19,PHL,190
12/26/19,YYZ,201
12/26/19,ATL,501
12/26/19,AMS,63
12/26/19,MSP,127
12/26/19,MIL,51
12/26/19,SEA,232
12/26/19,MAD,85
12/26/19,NYC,534
12/26/19,DFW,482
12/26/19,PDX,135
12/26/19,BNA,216
12/26/19,AUS,211
12/26/19,SIN,118
12/26/19,FRA,24
12/26/19,LAX,293
12/26/19,YUL,76
12/26/19,SYD,44
12/26/19,MIA,218
12/26/19,SJC,104
12/26/19,IND,87
12/26/19,STL,175
12/26/19,LAS,175
12/26/19,SAT,149
12/26/19,SHA,532
12/26/19,CPH,33
12/26/19,CLE,67
12/26/19,SNA,114
12/26/19,SAN,272
1/2/20,SYD,537
1/2/20,STL,1599
1/2/20,AUS,2331
1/2/20,RDU,1848
1/2/20,SNA,1444
1/2/20,SIN,1225
1/2/20,LAX,2335
1/2/20,MCO,1439
1/2/20,PEK,2201
1/2/20,AMS,1027
1/2/20,LAS,3988
1/2/20,SJC,2752
1/2/20,SEA,3068
1/2/20,DEN,2433
1/2/20,EWR,5054
1/2/20,TLS,917
1/2/20,WAS,4421
1/2/20,DTW,2109
1/2/20,MEX,1071
1/2/20,SHA,3224
1/2/20,YUL,869
1/2/20,CPH,1096
1/2/20,PIT,1468
1/2/20,BNA,1673
1/2/20,MIA,1480
1/2/20,CLE,1130
1/2/20,MUC,1191
1/2/20,NYC,7882
1/2/20,SAN,1488
1/2/20,PDX,1376
1/2/20,PHL,3053
1/2/20,DFW,5732
1/2/20,SAT,1942
1/2/20,MIL,834
1/2/20,MSP,2186
1/2/20,PHX,2444
1/2/20,SFO,3476
1/2/20,ATL,4524
1/2/20,FRA,901
1/2/20,PAR,6018
1/2/20,CLT,3003
1/2/20,STO,761
1/2/20,IND,1400
1/2/20,BOS,4302
1/2/20,MAD,1275
1/2/20,CHI,5469
1/2/20,LON,6710
1/2/20,HOU,3820
1/2/20,CMH,1231
1/2/20,YYZ,2449